Ref_in_manuscript,Extraction_Study_ID,Citation_short,Material_system,Concentration_variable,Levels_tested,Reported_optimum,Outcome_summary,Fit_to_non-monotonic_concentration-response_pattern,Notes_for_author_review
ref19,P28,"Tang et al., 2025 (Colloids Surf B)",ZnO nanoparticles in chitosan,ZnO content (wt%),Multiple contents tested (exact intermediate levels not itemized in extraction),3 wt% ZnO,Optimal biocompatibility and bioactivity in vitro and in vivo at 3 wt%,CONFIRMED,Matches value already stated in manuscript text.
ref28,P46,"Ucan et al., 2025 (Macromol Mater Eng)",Graphene in PCL (electrospun nanofiber + 3D-printed microfiber hybrid),Graphene loading (wt%),"1 wt% (nanofiber layer), 3 wt% (microfiber layer)",Hybrid multi-scale combination (1%/3%),+186% mechanical property and +23% cell proliferation vs. plain PCL,CONFIRMED,Cross-checked against Crossref abstract; consistent.
ref30,P49,"Mirzavandi et al., 2024 (J Mater Sci Mater Med)",om-CMS (Ca-Mg silicate) in PCL/gelatin,om-CMS content (wt%),"0%, 5%, 10%",10%,Highest ALP activity and bioactivity; no negative effect on filament structure at 10%,CONFIRMED,
ref36,P57,"Cinici et al., 2025 (Progress in Biomaterials)",Hydroxyapatite in PLA,HA content (wt%),"10%, 20%, 30%, 40%",10-20%,Low-moderate HA improved cytocompatibility/adhesion; higher levels reduced tensile strength (likely particle agglomeration),CONFIRMED,
ref37,P60,"Salehi R. et al., 2025 (Carbon Trends)",Graphene quantum dots (GQD) in PCL/chitosan,GQD content (wt%),0.5 to 4 wt%,0.5-2 wt%,"Mechanical strength/modulus improved 0.5-1 wt%; electrical resistance dropped ~1883 to 133 Ohm; viability +4-7% at 0.5-2 wt%, but 4 wt% caused cytotoxicity",CONFIRMED,
ref42,P66,"Huang S. et al., 2024 (Int J Nanomedicine)",nHA in GelMA/oxidized-alginate hydrogel (+BMP7),nHA content,Multiple amounts tested (exact intermediate levels not itemized in extraction),10% nHA (HGO formulation),Best overall performance among groups; BMP7-loaded formulation (BHGO) outperformed all controls,CONFIRMED,
ref43,W03,"Zhu et al. (Int J Biol Macromol)",Cellulose-nanocrystal-modified HA in PVA,Modified-HA content (wt%),Increasing content tested (non-monotonic peak reported),9 wt% (HC-K),"Porosity 56.1%, swelling 807.7%, strength 0.085+/-0.004 MPa, ALP 1.71+/-0.25 at 9 wt%",CONFIRMED,
ref50,W17,"Ghadirian et al. (Biomater Adv)",Decellularized cartilage ECM in PHB-chitosan core-shell fiber,ECM content (wt%),"0%, 1%, 3%, 5%",1% (labelled 1E),Highest mechanical strength and upregulated chondrogenic markers (Col II, Aggrecan, SOX9) at 1%,CONFIRMED,
ref57,W28,"Jagitay et al., 2026 (Polymer Bulletin)",Olive-pit powder (OPP) + HAp in PVA,OPP:PVA:HAp ratio,"1PVA/0OPP/HAp, 1PVA/1OPP/HAp, 5PVA/2OPP/HAp, 2PVA/5OPP/HAp",Moderate OPP (1PVA/1OPP/HAp and 5PVA/2OPP/HAp),Excess OPP (2PVA/5OPP/HAp) impaired proliferation (attributed to phenolic-compound oxidative stress),CONFIRMED,
ref59,W31,"Mansi et al. (Adv Funct Mater)",Ag/AgCl-decorated Fe-MOF in PCL (melt electrowriting),MOF content (wt%),Up to 20 wt% (printable range tested),5 wt%,Sustained antibacterial efficacy while maintaining cytocompatibility and normal immune response,CONFIRMED,
ref61,W34,"Yavuz et al., 2026 (Materials)",Boric acid (BA) in PVA/chitosan/HA nanofibers,BA content (wt%),Series including 0.25% and 0.5%,0.25 wt%,"Tensile strength 9.15 MPa at 0.25% (best mechanical/cytocompatibility balance); 0.5% was antifungal but reduced cell viability",CONFIRMED,Matches value already stated in manuscript text.
ref62,W36,"Wang C.X. et al. (Collagen and Leather)",nHA in PCL/gelatin bioink,nHA content (% w/w),Formulation optimization series,50% w/w (25% gelatin : 25% PCL : 50% nHA),Best printability/stability; improved mechanics; promoted bone regeneration in vivo,CONFIRMED,Matches value already stated in manuscript text; one of the 4 studies already named explicitly in the main text.
ref65,W43,"Meng et al., 2024 (ACS Appl Nano Mater)",Graphene (G) vs. graphene quantum dots (GQD) in PCL,Additive content (wt%),Below 5 wt%; direct comparison at 3 wt%,~3 wt% GQD,PCL/GQD at 3% showed better compressive strength than PCL/G at the same level, with equivalent biological performance,CONFIRMED,Matches value already stated in manuscript text (~1-3 wt%).
ref67,W53,"Zhao et al. (J Magnesium Alloys)",Mg-1Ca alloy powder in PCL,Mg-1Ca content (wt%),"5%, 10%, 20%",5-10%,Enhanced mechanical strength, proliferation, adhesion and osteogenic differentiation vs. plain PCL at 5% and 10%; 20% not highlighted as effective,CONFIRMED (moderate),20% level's outcome is not explicitly described as worse in the extraction summary -- softer non-monotonic evidence than the other confirmed rows; verify against full text if a reviewer questions this one specifically.
ref15,P21,"Zeng et al., 2026 (Carbohydrate Polymers)",Chitosan + silk fibroin + Sr-alginate microspheres,None identified,Single formulation tested (no dose series in extraction),Not applicable,"Proliferation >120%; bone regeneration coverage 81.8%+/-1.48% at 8 weeks",FLAGGED - NOT A CONCENTRATION SERIES,"No additive-concentration series evident in the extraction data for this study. Recommend either verifying against the full text for a concentration series not captured in the abstract-level extraction, or removing this citation from the 19-study list."
ref34,P54,"Jones et al., 2025 (Micromachines)",3D-printed support frame + electrospun chitosan-PEO nanofiber membrane,None (frame/design study),Not applicable,Not applicable,"Normalized cell response 116.5%+/-12.2% (extract assay); viability up to 78.2%+/-32.4% (direct contact)",FLAGGED - LIKELY MISMATCH,"This study evaluates a 3D-printed mounting frame for handling fragile membranes, not a chemical additive concentration-response. Does not appear to fit the ""19 concentration-response studies"" claim. Recommend verifying the original citation choice or removing it from this list."
ref39,P62,"Kang et al., 2025 (Int J Bioprinting)",HA in dissolved-PCL (dPCL) bioink -- suspended 3D printing,None identified as a concentration series,Comparison is PCL vs. dPCL vs. dPCL+HA (material type, not additive dose),Not applicable,"Up to 85% reduction in printing errors; ~50 MPa higher Young's modulus for dPCL/HA vs. dPCL alone",FLAGGED - LIKELY MISMATCH,"Extraction shows a material-type comparison (with vs. without HA), not a multi-level concentration series. Recommend verifying against full text or removing from this list."
ref44,W05,"Howard et al. (Nanomaterials)",PCL and PCL/gelatin electrospun 3D sponges,Fabrication parameters (solution %, humidity, conductivity) via Taguchi design of experiments,"Optimized via Taguchi DOE (not a simple additive dose series)","24% w/v solution, PCL:gelatin 80:20, humidity >=70%, 15 cm distance, 22 kV, 1500 uL/h",Reproducible 3D sponges; viability greater than 2D meshes and TCP positive control,FLAGGED - DIFFERENT PARAMETER TYPE,"This is a fabrication-process optimization (Taguchi design), not a chemical additive concentration-response. Recommend describing separately from the concentration-dependent pattern, or removing from this list."
ref63,W37,"Weng et al. (Dental Materials Journal)",Wave-patterned microgroove geometry on PCL membrane,Groove size (L1/L2/L3; geometric, not chemical),"3 groove sizes tested, depth fixed at 10 micrometers",L3 (largest grooves),"Dual effect: promotes osteogenesis (MC3T3-E1) and inhibits osteoclastogenesis (RAW264.7) simultaneously; differential nuclear deformation and proliferation by group",FLAGGED - DIFFERENT PARAMETER TYPE,"This is a geometric/structural design-parameter series, not a chemical additive concentration-response. Recommend describing separately, or removing from this list."
