Study_ID,Title_Authors_Year,Material(s),Modification_Strategy,Experiment_Summary,Qualitative_Results,Quantitative_Results,Relevance_Conclusion,Sub_Question
P02,"Li et al., 2026 - Research on the performance of HAP/ALG composite bone scaffolds with bone unit structure (Int J Biol Macromol)",Hydroxyapatite (HA/HAP),Combinacion con alginato de sodio (ALG) formando fibras huecas mediante reticulacion con iones de calcio; ajuste de la proporcion HAP/ALG y del patron de las fibras,"Imprimieron en 3D fibras huecas de HAP/ALG en distintas proporciones y patrones (radial vs longitudinal), y evaluaron propiedades mecanicas anisotropicas y capacidad angiogenica con celulas madre derivadas de tejido adiposo (ADSCs), tanto in vitro como in vivo.",Las fibras huecas implantadas mostraron mayor tendencia a formar estructuras vasculares tempranas que las fibras solidas; el alginato de calcio se degrado relativamente rapido en el cuerpo.,"Con proporcion HAP/ALG = 2:1, el modulo de compresion axial (193.51 +/- 6.82 kPa) fue ~2.23 veces mayor que el radial (86.82 +/- 4.47 kPa), acercandose al rango de anisotropia del hueso cortical natural (1.6-2.3).",Ejemplo de HA combinada con alginato (no chitosan/PCL) enfocado en imitar la microarquitectura del hueso (no solo la composicion quimica) — relevante para Q1 (biocompatibilidad/angiogenesis de HA) y Q2 (diseno estructural como estrategia).,Q1+Q2
P04,"Naolou et al., 2025 - Enhanced GelMA nanohydroxyapatite hydrogel for high-fidelity 3D printing (Biofabrication)",Hydroxyapatite (nano-HA),Incorporacion de nHAp en GelMA + adicion de un modificador reologico (carbomero) para resolver el problema de que el calcio liberado por la HA interfiere con la gelificacion del GelMA,"Desarrollaron la formulacion GelMA/nHAp con carbomero, imprimieron estructuras 3D de alta fidelidad, y sembraron celulas para evaluar supervivencia y diferenciacion osteogenica.","La tinta permitio impresion de estructuras 3D con alta fidelidad de forma en todas las dimensiones (incluyendo el eje Z), formando construcciones altamente macroporosas; los scaffolds impresos permitieron supervivencia celular y diferenciacion osteogenica.","Modulo de almacenamiento de aproximadamente 10 a mas de 100 kPa tras reticulacion UV, y modulo de Young promedio de ~70 kPa, dependiendo de la concentracion de GelMA.",Ejemplo tecnico importante de un problema comun (HA interfiere con gelificacion de hidrogeles) y su solucion (aditivo reologico) — muy relevante para Q2 como estrategia de formulacion.,Q1+Q2
P05,"Mitropoulou et al., 2024 - Biodegradable Core-Shell Microfibrous and Nanofibrous Scaffolds (J Mater Sci Mater Med)",Polycaprolactone (PCL),"Combinacion con PVA (polivinil alcohol) en tres configuraciones: monocapa de PCL, tricapa secuencial (PVA/PCL/PVA), y core-shell (PVA como cubierta, PCL como nucleo)","Fabricaron los tres tipos de scaffold por electrospinning, los sometieron a degradacion hidrolitica durante 7 meses en solucion salina tamponada, y cultivaron celulas de rinon embrionario humano (HEK-293) para evaluar adhesion, infiltracion y proliferacion.","El diseno core-shell mostro mejor eficacia a largo plazo que el PCL de una sola capa y que el tricapa, gracias a mejores caracteristicas morfologicas y mecanicas, ademas de promover distribucion celular homogenea sin necesidad de estimulos externos.","No se reportan porcentajes exactos en el resumen, pero se evaluo degradacion a lo largo de 7 meses completos, un periodo de estudio largo comparado con otros papers.","Comparacion directa entre 3 configuraciones distintas del mismo material base (PCL+PVA) — muy util para Q1/Q2 porque aisla el efecto de la arquitectura de fibra, no solo la composicion quimica.",Q1+Q2
P06,"Hosseini et al., 2026 - 3D printed biomimetic nanocomposite scaffold osteo-neurogenic (Chem Eng J Advances)","Polycaprolactone (PCL) + Hydroxyapatite (HA, extraida naturalmente)","Diseno de dos regiones distintas: zona central con HA natural (para regeneracion osea) y zona periferica con nanoparticulas magneticas de oxido de hierro sobre oxido de grafeno (GO@SPION, para propiedades magneticas y neurogenesis)","Imprimieron en 3D un scaffold de PCL con dos regiones (cancelosa con HA, cortical con GO@SPION), y evaluaron expresion de marcadores osteogenicos (COL1, Runx2, OC, ON) y neurogenicos (Nestin, GFAP, MAP2) mediante inmunotincion.",Las imagenes de microscopia mostraron arquitectura uniforme en ambas regiones; el modulo de Young y la humectabilidad del scaffold mejoraron notablemente con la incorporacion de HA y GO@SPION.,"Confirmacion de diferenciacion osteogenica mediante actividad de ALP, tincion con rojo de alizarina e inmunotincion; expresion de marcadores neurogenicos (Nestin, GFAP, MAP2) tambien confirmada, sin cifras porcentuales exactas en el resumen.","Ejemplo unico de PCL+HA disenado con dos funciones distintas en zonas separadas del mismo scaffold (bone + nerve) — relevante para Q1 y Q2, mostrando que el diseno espacial tambien es una estrategia.",Q1+Q2
P07,"Zhou et al., 2023 - Bone TE Scaffold Optimisation through Modification of Chitosan/Ceramic Composition (Macromol)","Chitosan + Hydroxyapatite (HAp) + Fluorapatite (FAp, ceramico relacionado)","Variacion de volumenes de acido acetico y proporciones de HAp/FAp mezclados con quitosano, reticulados con luz UV","Prepararon scaffolds con distintas combinaciones de HAp y FAp en quitosano, los caracterizaron con SEM, FTIR e hinchamiento, y evaluaron citotoxicidad mediante ensayo MTT y tasa de degradacion en fluido corporal simulado (SBF).","Se formo una estructura reticulada con union entre los distintos materiales; los scaffolds proporcionaron suficiente resistencia mecanica y fueron citocompatibles, dependiendo de su composicion especifica.","Los scaffolds se degradaron gradualmente en un periodo de 6 a 8 semanas, coincidiendo de cerca con las tasas de regeneracion osea natural.",Ejemplo directo de chitosan combinado con dos tipos de ceramica de fosfato de calcio (no solo HA) — util para Q1/Q2 como comparacion de distintas ceramicas dentro de la misma matriz de quitosano.,Q1+Q2
P08,"Cui et al., 2026 - Magnetic field induced ordered magnetoelectric bifunctional scaffold (Materials Letters)",Chitosan (combinado con PEGDA),"Incorporacion de nanotubos de carbono ordenados y nanoparticulas de Fe3O4, alineadas mediante un campo magnetico externo durante el entrecruzamiento termico","Incorporaron nanotubos de carbono y Fe3O4 en una matriz de PEGDA/quitosano, aplicaron un campo magnetico durante el entrecruzamiento para alinear las particulas, y probaron proliferacion celular con celulas MC3T3-E1 bajo distintas orientaciones e intensidades del campo.","El scaffold mostro magnetismo anisotropico mejorado (diferente segun la direccion), buena conductividad y propiedades mecanicas, junto con buena biocompatibilidad.",La orientacion paralela al campo magnetico (MF-parallel) y una intensidad de 20 mT fueron las condiciones que mas promovieron la proliferacion de celulas MC3T3-E1.,"Estrategia de modificacion poco convencional (alineacion magnetica de nanoparticulas dentro de una matriz de chitosano) — relevante para Q2 por ser una via fisica, no solo quimica, de mejorar el scaffold.",Q2
P10,"Song et al., 2024 - Black phosphorus-loaded anisotropic nanofiber sponges for random skin flaps (Chem Eng J)",Polycaprolactone (PCL),"Nanofibras alineadas de PCL cargadas con fosforo negro (BP) y factor de crecimiento VEGF, ademas de un hidrogel termosensible (pNIPAM) para liberacion controlada por luz infrarroja","Fabricaron esteras de nanofibras de PCL alineadas por electrospinning, las convirtieron en esponjas 3D mediante espumado, y las cargaron con BP y VEGF encapsulado en pNIPAM, evaluando regeneracion de colgajos de piel en un modelo animal con irradiacion NIR.",Las esponjas de nanofibras altamente orientadas guiaron el crecimiento celular a lo largo de las fibras; la irradiacion con luz NIR permitio liberacion controlada de VEGF gracias a las propiedades fototermicas del fosforo negro.,"Los experimentos in vivo confirmaron un desempeño notable mejorando la supervivencia de los colgajos de piel random, aunque no se especifica un porcentaje exacto en el resumen disponible.",Ejemplo de PCL en fibras orientadas (no scaffold poroso random) combinado con un sistema de liberacion activado por luz — relevante para Q2 como estrategia de liberacion controlada estimulo-respuesta.,Q2
P11,"Shen et al., 2024 - PLA scaffolds loaded with sustained-release chitosan nanoparticles (BSA-bFGF) (Int J Biol Macromol)","Chitosan (en forma de nanoparticulas, no como matriz principal — la matriz base es PLA)","Nanoparticulas de quitosano cargadas con bFGF, incorporadas dentro de fibras porosas de PLA mediante electrospinning","Fabricaron nanoparticulas de quitosano-bFGF por pulverizacion electrostatica, las incorporaron en fibras de PLA por electrospinning, y evaluaron liberacion sostenida, biocompatibilidad y regeneracion epidermica en un modelo animal.","Las nanoparticulas se distribuyeron uniformemente dentro de los poros de las fibras de PLA, formando un enlace fisico robusto por adsorcion electrostatica; los scaffolds mostraron buenas propiedades mecanicas e hidrofilicidad.",Liberacion sostenida durante 72 horas; el grupo tratado con 16% de nanoparticulas/scaffold mostro la mayor tasa de reconstruccion epidermica entre todos los grupos probados.,"Buen ejemplo de chitosan usado como sistema de nanoparticulas de liberacion (no como matriz), combinado con PLA — relevante para Q2 como estrategia de encapsulacion de factor de crecimiento.",Q2
P12,"Wang et al., 2025 - ZnO-TPU/CS bilayer composite electrospinning scaffold in skin wound healing (Front Bioeng Biotechnol)","Chitosan (en la capa interna, combinado con TPU)","Diseno bicapa: capa externa de poliuretano termoplastico (TPU) hidrofobica (impermeable) + capa interna de TPU/quitosano con nanoparticulas de ZnO (hidrofilica, bioactiva)","Fabricaron el scaffold bicapa por electrospinning, caracterizaron morfologia, resistencia mecanica y humectabilidad, y evaluaron citocompatibilidad in vitro y eficacia de cicatrizacion en un modelo de defecto de piel de espesor completo in vivo.",El scaffold mostro fibras uniformes; las capas hidrofilica e hidrofobica se confirmaron por diferencias claras en el angulo de contacto con agua; los estudios in vitro mostraron mejor proliferacion y adhesion celular.,Diametro de fibra de 231.81 +/- 44.85 nm; resistencia a traccion de 8.42 +/- 0.58 MPa; modulo de Young de 17.96 +/- 0.78 MPa; angulos de contacto de 52.68 grados (hidrofilico) vs 113.60 grados (hidrofobico); cierre de herida superior al 90% al dia 14 (significativamente mas rapido que grupos sin tratar).,"Ejemplo de diseno bicapa (funcion dual: proteccion + bioactividad) usando chitosan solo en la capa activa — muy relevante para Q2, con datos cuantitativos completos.",Q2
P14,"Zhao et al., 2024 - Biomimetic multilayer scaffolds for bladder regeneration (Composites Part B)",Polycaprolactone (PCL),"Combinacion de esteras nanofibrosas de PCL con un hidrogel de dextrano oxidado/carboximetil quitosano, cargado con dos peptidos: uno para reclutar celulas madre (BMHP) y otro para promover vascularizacion (VP, mimetico de VEGF)","Sintetizaron un scaffold multicapa combinando PCL con hidrogel de dextrano oxidado/CMC, incorporaron los peptidos BMHP y VP, y evaluaron reclutamiento de celulas madre endogenas y regeneracion de vejiga en un modelo in vivo.","Las esteras de PCL no solo reforzaron mecanicamente el scaffold compuesto, sino que tambien prolongaron la retencion de los peptidos gracias a su superficie hidrofobica; BMHP y VP mostraron efectos sinergicos (crosstalk) que amplificaron sus funciones.","El scaffold acelero la regeneracion de vejiga, mejoro la contractilidad del musculo liso, inhibio la fibrosis y mejoro la inervacion (sin cifras porcentuales especificas en el resumen).",Ejemplo de PCL combinado con chitosan (via CMC en el hidrogel) para retener peptidos bioactivos por mas tiempo — relevante para Q1 (PCL como reforzante mecanico e hidrofobico) y Q2 (estrategia de doble peptido).,Q1+Q2
P15,"Wu et al., 2025 - 3D-printed oxygen-releasing scaffolds promote bone repair (APL Materials)",Polycaprolactone (PCL) + Hydroxyapatite (HA),Estructura tipo sandwich con peroxido de calcio (fuente de liberacion de oxigeno) combinado con PCL y HA,"Fabricaron scaffolds tipo sandwich de PCL/HA/peroxido de calcio mediante impresion 3D por deposicion fundida (FDM), y evaluaron liberacion de oxigeno, proliferacion, migracion, adhesion y diferenciacion osteogenica de celulas madre mesenquimales de medula osea de rata, ademas de un modelo de defecto craneal en rata.",El scaffold libero oxigeno de forma sostenida por mas de tres semanas; el grupo con 1% de peroxido de calcio mostro los efectos pro-angiogenicos y de reparacion osea mas potentes.,"Se observo formacion significativa de red vascular, aceleracion de la regeneracion osea en toda el area del defecto, y aumento marcado de formacion de hueso nuevo en el modelo animal (comparado con grupos control).",Ejemplo de PCL+HA con una tercera funcion anadida (liberacion de oxigeno) para resolver un problema especifico (hipoxia) — muy relevante para Q2 como estrategia innovadora sin necesidad de celulas ni factores de crecimiento externos.,Q1+Q2
P16,"Nabizadeh et al., 2024 - Drug-loaded nano chitosan/hyaluronic acid hydrogel for cartilage TE and drug delivery (Int J Biol Macromol)",Chitosan (en forma de nanoparticulas),"Nanoparticulas de quitosano cargadas con fisetina (antiinflamatorio) y kartogenina (condroprotector), incorporadas en un hidrogel de acido hialuronico oxidado y reticulado","Oxidaron acido hialuronico para crear grupos aldehido, lo reticularon con ADH, incorporaron nanoparticulas de quitosano cargadas con fisetina y/o kartogenina, y evaluaron el sistema en un modelo in vitro de osteoartritis mediante PCR en tiempo real.",La combinacion de ambos farmacos en el hidrogel de acido hialuronico funciono mejor que cualquiera de los dos componentes por separado en el modelo in vitro de osteoartritis; el sistema mostro liberacion controlada y mayor tiempo de retencion en la cavidad articular.,No se reportan cifras porcentuales exactas en el resumen disponible sobre viabilidad o expresion genica especifica.,Ejemplo de chitosan usado como sistema de doble carga de farmacos (no como matriz de scaffold poroso) — relevante para Q2 como estrategia de combinacion de dos agentes bioactivos distintos.,Q2
P17,"You et al., 2023 - Nanosilver alleviates foreign body reaction via macrophage polarization (J Zhejiang Univ Sci B)",Chitosan (combinado con colageno),Incorporacion de nanoplata (NAg) en un scaffold hibrido de colageno-quitosano,"Prepararon el scaffold NAg-colageno-quitosano (NAg-CCS) por liofilizacion, lo implantaron en la espalda de ratas para evaluar reaccion de cuerpo extrano, y probaron cicatrizacion de heridas de piel en minicerdos, con analisis molecular en distintos puntos de tiempo.","El grupo NAg-CCS rara vez desarrollo reaccion de cuerpo extrano, mientras que el grupo control (CCS sin plata) mostro granulomas o necrosis; se redujeron significativamente marcadores inflamatorios como MMP-1 y aumento IL-10 (antiinflamatorio) mientras bajo IL-6 (proinflamatorio).",El NAg-CCS libero plata de forma constante durante dos semanas; se observo activacion de macrofagos M2 (reparadores) y supresion de macrofagos M1 (inflamatorios) en el estudio de cicatrizacion.,"Ejemplo importante de chitosan combinado con colageno y nanoplata, enfocado especificamente en el problema de rechazo inmunologico del implante (no solo en biocompatibilidad basica) — relevante para Q2.",Q2
P18,"Wang et al., 2025 - Carboxymethyl chitosan-enhanced multi-level microstructured composite hydrogel scaffolds (Carbohydrate Polymers)","Chitosan (carboximetilado, CMCS) + Hydroxyapatite (nano-HA)","Scaffold 3D impreso de PLA macroporoso tratado con polidopamina, relleno con hidrogel compuesto de alginato de sodio/nano-hidroxiapatita/carboximetil quitosano (SA/nHA/CMCS)","Imprimieron en 3D el armazon macroporoso de PLA, lo trataron con polidopamina, lo rellenaron con el hidrogel compuesto SA/nHA/CMCS con distintas concentraciones de CMCS, y evaluaron adhesion, proliferacion y diferenciacion de celulas madre mesenquimales oseas (BMSCs) in vitro, ademas de un modelo de defecto tibial en conejo.","La incorporacion de nHA mejoro la reticulacion del hidrogel y la actividad osteogenica; la concentracion de CMCS jugo un papel clave regulando la reticulacion, mineralizacion y velocidad de degradacion adaptada al ciclo osteogenico.",El numero de trabeculas oseas del scaffold DSHC (con CMCS) aumento 2.06 veces comparado con el scaffold DAPLA (sin el relleno de hidrogel compuesto) en el modelo de conejo.,Excelente ejemplo de HA combinada con chitosan carboximetilado dentro de un diseno de microestructura multi-nivel — muy relevante para Q2 con datos cuantitativos claros de mejora respecto al control.,Q2
P21,"Zeng et al., 2026 - Chitosan-based composite scaffold as bioactive strontium-delivery system (Carbohydrate Polymers)",Chitosan (matriz principal),"Combinacion con fibras de fibroina de seda + microesferas de alginato de estroncio (CS/SF@SrAlg), fabricadas mediante electrospray microfluidico y tecnicas de fragmentacion-recombinacion de fibras","Desarrollaron el scaffold compuesto CS/SF@SrAlg, evaluaron liberacion controlada de Sr2+, proliferacion y mineralizacion osteogenica in vitro, y probaron regeneracion osea en un modelo de defecto craneal en rata con analisis de transcriptomica de ARN.",El scaffold tiene una estructura porosa jerarquica que favorece la infiltracion celular; las fibras de fibroina de seda mejoraron la integridad mecanica y ayudaron a mantener un microambiente optimo.,Tasa de proliferacion celular superior al 120%; cobertura de regeneracion osea de 81.8% +/- 1.48% a las 8 semanas post-implantacion en el modelo animal; via de senalizacion PI3K-Akt identificada como mecanismo clave.,Ejemplo muy completo de chitosan combinado con dos componentes adicionales (fibroina de seda + microesferas de estroncio) con mecanismo molecular identificado — muy relevante para Q1 y Q2.,Q1+Q2
P22,"Sheng et al., 2024 - Cross-linking manipulation of waterborne biodegradable polyurethane (Regenerative Biomaterials)",Polycaprolactone (PCL) usado como base del poliuretano (no como scaffold poroso tradicional),Manipulacion del grado de reticulacion mediante introduccion de policarbonato alifatico amorfo y trimetilolpropano trifuncional en la estructura del poliuretano,"Sintetizaron poliuretanos WBPU con distintos grados de reticulacion, y evaluaron su capacidad para adaptarse mecanicamente a distintas celulas y regular la respuesta inmune en un modelo de regeneracion de tejido cerebral in vivo.","A mayor densidad de reticulacion y menor separacion de microfases, el material mostro un modulo sorprendentemente blando y mayor infiltracion de agua; los scaffolds guiaron la migracion y diferenciacion de celulas progenitoras neurales endogenas hacia neuronas maduras con baja inflamacion.",Se determinaron temperaturas de cristalizacion de 1.4-2.4 grados C y temperaturas de fusion de 40-40.4 grados C para las distintas formulaciones de WBPU.,"Ejemplo de PCL usado como componente estructural de un poliuretano adaptable mecanicamente (no como scaffold poroso), aplicado a regeneracion nerviosa — relevante para Q2 como estrategia de ajuste de modulo mecanico.",Q2
P26,"Shlomo-Avitan et al., 2025 - Emulsion-templated macroporous polycaprolactone: Synthesis, degradation, additive manufacturing (Polymer)",Polycaprolactone (PCL),"Sintesis de macromeros de PCL metacrilados de distintos pesos moleculares, formando estructuras porosas templadas por emulsion (polyHIPE)","Sintetizaron polyHIPEs de PCL con densidades entre 0.18 y 0.28 g/cc, los imprimieron en 3D (tanto en aire como en un bano de gel), y evaluaron degradacion en NaOH y adhesion/proliferacion de celulas madre mesenquimales.","Distintos tipos de fase interna generaron estructuras porosas variadas, desde redes de canales hasta huecos altamente interconectados; la estructura macromolecular reticulada limito la cristalizacion del PCL, dando comportamiento elastomerico.",Modulos elasticos de aproximadamente 20 kPa; degradacion completa en 4 horas en NaOH 3M; las celulas madre mesenquimales se adhirieron y proliferaron adecuadamente.,"Ejemplo de PCL en formato altamente poroso (polyHIPE) con degradacion rapida y controlada, relevante para Q2 como estrategia de diseno de porosidad mediante templado por emulsion.",Q1+Q2
P27,"Farnaghi et al., 2025 - Enhancing biological characteristics of aminolysis surface-modified PCL/nHA scaffold via gelatin immobilization (Colloids Surf B)",Polycaprolactone (PCL) + Hydroxyapatite (nanohidroxiapatita),Modificacion superficial por aminolisis (con hexametilendiamina) seguida de recubrimiento de gelatina reticulada con EDC/NHS,"Fabricaron el nanocompuesto PCL/HA por impresion 3D (extrusion en caliente FDM), aplicaron aminolisis superficial y luego recubrimiento de gelatina reticulada, y evaluaron propiedades mecanicas, biodegradabilidad, viabilidad celular y formacion osea in vivo.","La aminolisis aumento significativamente la hidrofilicidad superficial (medida por angulo de contacto) y facilito la formacion uniforme del recubrimiento de gelatina; el recubrimiento de gelatina mejoro biodegradabilidad y bioactividad, ademas de viabilidad y adhesion celular.",El recubrimiento de gelatina genero un aumento del 20% en resistencia mecanica del scaffold y mas del 50% de aumento en el modulo de Young; expresion de genes OPN y ALP mas del doble comparado con scaffolds sin recubrimiento.,Ejemplo muy completo y cuantificado de PCL+HA con una estrategia de dos pasos (modificacion superficial + recubrimiento bioactivo) — extremadamente util para Q2.,Q2
P28,"Tang et al., 2025 - 3D chitosan scaffolds loaded with ZnO nanoparticles for bone TE (Colloids Surf B)",Chitosan (matriz principal),"Incorporacion de nanoparticulas de ZnO en distintas concentraciones dentro de la matriz de quitosano, fabricado por liofilizacion","Fabricaron scaffolds compuestos de ZnONPs/quitosano por liofilizacion con distintos contenidos de ZnO, y midieron microestructura, porosidad, degradacion, liberacion, hinchamiento, citotoxicidad, adhesion celular y capacidad osteogenica con celulas MC3T3-E1, tanto in vitro como in vivo.","Una cantidad apropiada de ZnO ayudo a regular la estabilidad y las caracteristicas de degradacion del scaffold; el scaffold pudo liberar ZnO al ambiente de fluido corporal simulado, promoviendo proliferacion, adhesion y diferenciacion osteogenica de celulas MC3T3-E1.","Con un contenido de ZnO del 3% en peso, tanto los resultados in vitro como in vivo mostraron biocompatibilidad y bioactividad relativamente optimas del scaffold.","Excelente ejemplo de chitosan con nanoparticulas de ZnO, con un 'punto optimo' claro de concentracion (3 wt%) — muy relevante para Q2, con respaldo tanto in vitro como in vivo.",Q2
P30,"Moreno et al., 2026 - Ti-metalation of chitosan films by VPM, MPI and PEALD processes (Appl Surf Sci Advances)","Chitosan (peliculas, no scaffold poroso)","Metalacion con titanio mediante tres tecnicas distintas: fase vapor (VPM), infiltracion de vapor pulsada multiplicada (MPI), y deposicion de capas atomicas mejorada por plasma con oxigeno (PEALD)","Aplicaron las tres tecnicas de deposicion de titanio sobre peliculas de quitosano, caracterizaron estructura cristalina y quimica superficial, y evaluaron confluencia celular con celulas C2C12 y actividad antibacteriana contra Helicobacter pylori y Escherichia coli.","VPM redujo el tamano de cristalito y la cristalinidad general; MPI y PEALD favorecieron crecimiento en fase cristalina regular; las peliculas tratadas con PEALD mostraron la mayor confluencia celular gracias a mejor humectabilidad, conductividad y pureza de las especies de titanio.",VPM mostro la mayor eficacia antibacteriana contra Helicobacter pylori y Escherichia coli entre las tres tecnicas probadas.,Ejemplo tecnico avanzado de modificacion superficial de chitosan con titanio mediante distintas tecnicas de deposicion — relevante para Q2 como comparacion directa de tres metodos de fabricacion sobre el mismo material base.,Q2
P33,"Asadi et al., 2026 - Piezoelectric PCL/PVDF core-shell nanofibrous scaffolds for enhanced osteogenesis under dynamic loading (Biomater Adv)",Polycaprolactone (PCL),Fibras core-shell coaxiales de PCL-PVDF (con y sin HA incorporada en el shell) fabricadas por electrospinning coaxial,"Fabricaron fibras core-shell de PCL-PVDF y PCL-PVDF-HA por electrospinning coaxial, caracterizaron propiedades piezoelectricas (XRD, ATR-FTIR, voltaje de salida), y cultivaron celulas madre humanas derivadas de tejido adiposo bajo carga tensil dinamica.","El scaffold core-shell PCL-PVDF (sin HA) mostro la mayor respuesta piezoelectrica comparado con PCL puro, PVDF puro y PCL-PVDF-HA; la carga tensil dinamica combinada con la senal electrica generada confirmo diferenciacion osteogenica mediante actividad de ALP y tincion con rojo de alizarina.",Coeficiente piezoelectrico d33 de 0.21 +/- 0.05 pC/N para el scaffold PCL-PVDF tras polarizacion por corona.,"Ejemplo avanzado de PCL en fibra core-shell combinado con un segundo polimero piezoelectrico (PVDF), demostrando que agregar HA en este caso especifico reduce la piezoelectricidad — dato interesante y contraintuitivo para Q2.",Q2
P34,"Biju et al., 2026 - Physicochemical, mechanical, antibacterial and cytotoxicity evaluation of HA anchored ZnO and CuO (Ceramics International)",Hydroxyapatite (HA),"Incorporacion de nanoparticulas de CuO y ZnO ancladas sobre HA, sintetizadas por via hidrotermal con acido citrico","Sintetizaron nanocompuestos HA/CuO y HA/ZnO por ruta hidrotermal, caracterizaron estructura cristalina y composicion, evaluaron microdureza, actividad antibacteriana contra 4 bacterias distintas, y citotoxicidad con celulas fibroblasticas L929 mediante ensayo MTT.","HA/CuO mostro dureza significativamente mayor que HA/ZnO, atribuido al fortalecimiento de limites de grano mediado por las nanoparticulas de CuO; ambos compuestos mostraron actividad antibacteriana dependiente de concentracion.","Dureza Vickers: ~247 Hv para HA/CuO vs ~191 Hv para HA/ZnO; viabilidad celular de HA/CuO: ~98.94% a 10 ug/mL y ~80.08% a 50 ug/mL, muy superior a HA/ZnO (~33.06% a 50 ug/mL).","Excelente ejemplo de HA modificada con dos aditivos distintos (CuO vs ZnO) comparados directamente en el mismo estudio, con datos cuantitativos claros y contundentes que favorecen a CuO — muy relevante para Q1 y Q2.",Q1+Q2
P35,"Ma et al., 2025 - Glucosamine sulfate-loaded nanofiber reinforced carboxymethyl chitosan sponge (J. Colloid Interface Sci.)",Chitosan (carboximetil quitosano),Nanofibras core-shell cargadas con glucosamina sulfato como agente bioactivo encapsulado,"Fabricaron una esponja nanofibrosa jerarquica (fibras core-shell) y la implantaron en un modelo de defecto de cartilago en rata, evaluando liberacion del farmaco y reparacion del tejido a lo largo del tiempo.",La esponja mantuvo casi 100% de elasticidad tras multiples ciclos de compresion y se adapto bien a defectos irregulares de cartilago.,Liberacion sostenida de glucosamina sulfato durante al menos 30 dias; acelero significativamente la reparacion del cartilago en el modelo animal.,"Ejemplo de estrategia libre de celulas/factores de crecimiento (evita riesgos de contaminacion y costos), relevante para Q2 (estrategia de modificacion = carga de farmaco).",Q2
P37,"Delemeester et al., 2024 - Device Design and Advanced CT of 3D Printed Radiopaque Composite Scaffolds and Meniscus (Adv Funct Mater)",Polycaprolactone (PCL),"Incorporacion de nanoparticulas de oxido de bismuto (Bi2O3) como aditivo radiopaco (no es una modificacion biologica, sino de imagenologia)","Fabricaron filamento de PCL con distintas concentraciones de nanoparticulas de Bi2O3 (0.8 a 11.7 wt%), imprimieron scaffolds en 3D, y probaron su visibilidad en tomografia (µCT y SPCCT) en un modelo de raton y en meniscos de cerdo reimplantados.",Los scaffolds con 2 wt% de Bi2O3 ofrecieron buena distincion radiografica sin perder cytocompatibilidad equivalente a PCL puro; la tecnologia SPCCT distinguio claramente el menisco implantado mediante imagen de color K-edge.,"Rango de dopaje de Bi2O3 estudiado: 0.8 a 11.7 wt%, con 2 wt% identificado como el optimo para balance entre propiedades mecanicas y radiopacidad.","Este paper no busca mejorar biocompatibilidad per se, sino anadir una funcionalidad de monitoreo (imagenologia) sin perjudicar la citocompatibilidad de PCL — relevante como ejemplo de aditivo funcional no biologico en Q2.",Q2
P39,"Salehi et al., 2025 - Antibacterial and osteogenic PCL... chitosan-PEG nanofibre-coated 3D printed scaffold (Int J Biol Macromol)","Chitosan + PCL (indirecto, via PLA/PEG en la matriz base)",Recubrimiento con nanofibras de quitosano-PEG cargadas con vancomicina e IGF-1 (carga de farmaco + factor de crecimiento),"Imprimieron en 3D un scaffold de PLA/PEG con bredigita, lo recubrieron con nanofibras de quitosano-PEG por electrospinning cargadas con vancomicina e IGF-1, y lo probaron en celulas MG63 y en un modelo de defecto craneal en rata.","La liberacion de IGF-1 contrarresto el efecto negativo de la vancomicina sobre el comportamiento celular, mejorando adhesion y proliferacion de MG63.",Liberacion acumulada: 93.43% de vancomicina y 95.86% de IGF-1 en 28 dias; zona de inhibicion bacteriana de 21.16 mm contra S. aureus; reparacion osea completa en 8 semanas en el modelo animal.,"Buen ejemplo de doble funcionalizacion (antibacteriano + osteogenico) via chitosan como recubrimiento, relevante para Q2.",Q2
P40,"Mitra et al., 2025 - Enzyme-delivery Metal-organic Framework Composite Coatings for Restoration of Hyperglycemia-damaged Osteoblast Differentiation (Biomater Adv)",Polycaprolactone (PCL),Recubrimiento con quitosano metacrilato (chiMA) cargado con enzima (glucosa oxidasa) encapsulada en marcos metal-organicos (MOF),"Imprimieron en 3D scaffolds de PCLF/PCL, los recubrieron con chiMA cargado con glucosa oxidasa (GOx) encapsulada en MOF tipo MIL-127, y evaluaron diferenciacion de osteoblastos en condiciones de alta glucosa simulando diabetes.","La liberacion sostenida de GOx logro modular el ambiente de alta glucosa hacia niveles normales, restaurando parcialmente la actividad celular que se habia reducido por la hiperglucemia.",La actividad enzimatica se mantuvo efectiva durante 144 horas reduciendo la concentracion de glucosa a niveles normales.,"Aporta evidencia de PCL como base combinada con quitosano metacrilato para tratar el contexto especifico de hueso diabetico, relevante para Q2.",Q2
P44,"Madaninasab et al., 2026 - Polycaprolactone/retinoic acid/nano-hydroxyapatite composites for neural tissue engineering (Mater Chem Phys)",Polycaprolactone (PCL) + Hydroxyapatite (nHA),Incorporacion de acido retinoico (agente bioquimico) + nanoparticulas de hidroxiapatita,"Fabricaron fibras por electrospinning con distintos porcentajes de RA y nHA, y evaluaron viabilidad celular con celulas PC12 (linea neuronal) mediante ensayo MTT.",La combinacion de RA y nHA sinergizo mejor que RA solo; el modulo elastico del compuesto 91PCL/6RA/3nHA se acerco al del tejido nervioso real.,El compuesto 91PCL/6RA/3nHA mostro un aumento de 22.45% en viabilidad celular (p<0.05) comparado con la muestra que solo tenia RA; degrado 6.6% mas que la muestra sin nHA tras 8 semanas.,"Aplicacion poco comun de PCL+HA fuera del hueso (nervio), util para contrastar resultados de biocompatibilidad segun el tejido objetivo. Relevante para Q1 y Q2.",Q1+Q2
P46,"Ucan et al., 2025 - Design, Fabrication, and Evaluation of Hybrid PCL/Graphene Scaffold (Macromol Mater Eng)",Polycaprolactone (PCL),Refuerzo con nanolaminas de grafeno como relleno funcional + combinacion de dos tecnicas de fabricacion (multi-escala),"Optimizaron primero el electrospinning de PCL, luego fabricaron scaffolds hibridos multi-material combinando fibras nanoscopicas (PCL+1% grafeno) con microfibras impresas en 3D (PCL+3% grafeno), evaluando alineacion de fibras y propiedades mecanicas/celulares.",El metodo de optimizacion basado en imagenes logro 87% de fibras bien alineadas con la direccion diseñada.,Mejora del 186% en propiedad mecanica y 23% en proliferacion celular comparado con PCL puro (sin grafeno).,Muestra que combinar tecnicas de fabricacion (no solo cambiar el material) puede mejorar el desempeño — relevante para Q2 como estrategia de diseno estructural + refuerzo con grafeno.,Q2
P47,"Shen et al., 2025 - Dynamic culturing of large cell-loaded PCL/gelatin methacryloyl scaffolds (Int J Biol Macromol)",Polycaprolactone (PCL),"Combinacion con GelMA (hidrogel) + celulas encapsuladas + sistema de cultivo dinamico (no es una modificacion quimica del material, sino del proceso de cultivo)","Imprimieron en 3D un cilindro multicanal de PCL combinado con GelMA cargado con celulas madre mesenquimales de medula osea (BMSCs) y celulas endoteliales aorticas de rata (RAECs), cultivado en un sistema dinamico, luego implantado en un defecto craneal critico en rata.","El cultivo dinamico mejoro el intercambio de nutrientes dentro del scaffold grande, favoreciendo infiltracion celular, proliferacion y diferenciacion osteogenica/angiogenica frente al cultivo estatico.",El crecimiento vascular e formacion de hueso nuevo fue aproximadamente 10 veces mayor que el grupo control (blanco) en el modelo animal.,"Relevante para Q1 (biocompatibilidad de PCL con celulas) y Q2 (estrategia = combinacion con hidrogel + celulas), ademas de mostrar la importancia del metodo de cultivo, no solo del material.",Q1+Q2
P49,"Mirzavandi et al., 2024 - 3D printed PCL/gelatin/ordered mesoporous calcium magnesium silicate nanocomposite scaffold (J Mater Sci Mater Med)",Polycaprolactone (PCL),Incorporacion de particulas de silicato de calcio-magnesio mesoporoso ordenado (om-CMS) en distintas proporciones,"Imprimieron en 3D scaffolds con distintas proporciones de PCL/Gelatina/om-CMS (0%, 5%, 10%), y evaluaron degradacion, bioactividad, viabilidad celular, adhesion y actividad de fosfatasa alcalina (ALP) in vitro.","La proporcion optima de om-CMS fue 10%, sin efectos negativos en la estructura del filamento; el scaffold PCL50%/Gel40%/om-CMS10% mostro el mayor potencial para regeneracion osea entre todos los grupos probados.","No se reportan cifras exactas de viabilidad celular en el resumen disponible, pero se confirma mejora en actividad de ALP y bioactividad con 10% de om-CMS respecto a los grupos con menos o sin om-CMS.","Otro ejemplo de 'dosis optima' de un aditivo mineral (om-CMS) en PCL/gelatina, relevante para Q2.",Q2
P51,"Ali et al., 2025 - Nanobioactive glass/chitosan/collagen composite loaded with methylene blue (J Photochem Photobiol B)",Chitosan,Incorporacion de nanoparticulas de vidrio bioactivo dopado con cerio y plata + carga de farmaco fotosensibilizador (azul de metileno),"Prepararon scaffolds de vidrio bioactivo nano (dopado con Ce y Ag)/quitosano/colageno cargados con azul de metileno, y evaluaron su actividad antibacteriana con y sin irradiacion laser, ademas de viabilidad celular en la linea WI-38.",El contenido de vidrio bioactivo aumento la estabilidad termica y formacion de una capa tipo apatita en la superficie del scaffold; buena viabilidad celular hasta 62.5 ug/ml.,"Captacion de agua: 682% y 762% en muestras sin dopar (G010, G020) vs 155% y 322% en dopadas; eficacia antibacteriana significativamente mayor tras irradiacion laser.","Ejemplo de chitosan combinado con terapia fotodinamica (uso poco comun), relevante para Q2 por la estrategia de carga de farmaco fotosensibilizador.",Q2
P52,"Liu et al., 2025 - 3D-Architected Natural Tooth-Derived Scaffolds Reinforced by Graphene and Gradient Gyroid (Small Structures)","Hydroxyapatite (derivada de dientes naturales, no sintetica)",Refuerzo con grafeno + diseno estructural de porosidad gradiente (Gyroid) mediante impresion 3D,"Procesaron dientes desechados en polvo, incorporaron grafeno, fabricaron scaffolds con impresion 3D DLP en 4 estructuras giroide distintas, y evaluaron su citocompatibilidad con celulas L929.",La incorporacion de grafeno (0.3 wt%) dio la mayor mejora mecanica; los scaffolds con gradiente de baja porosidad tuvieron la mayor resistencia a compresion.,"Resistencia a compresion de 6.2 MPa en el diseno de porosidad baja; viabilidad celular superior al 95% en todos los disenos reforzados con grafeno, sin citotoxicidad detectada.","Fuente alternativa y sostenible de hidroxiapatita (reciclaje de dientes), con enfoque en diseno estructural mas que en modificacion quimica — relevante para Q1 (biocompatibilidad de HA) y Q2 (refuerzo con grafeno).",Q1+Q2
P53,"Li et al., 2025 - Hydrogel inspired by adobe with antibacterial and antioxidant properties (Mater Today Bio)",Polycaprolactone (PCL) combinado con PLGA en fibras core-shell,Fibras core-shell cargadas con peptido P2 (angiogenico) + hidrogel con farmaco antiinflamatorio (celecoxib),"Prepararon fibras core-shell de PLGA/PCL cargadas con un peptido relacionado a hormona paratiroidea (P2), las incorporaron en un hidrogel de quitosano cuaternario/acido tanico/gelatina con celecoxib, y probaron cicatrizacion en heridas diabeticas.",El hidrogel absorbio bien el exudado de la herida y mantuvo estable el microambiente en las primeras etapas de cicatrizacion; promovio neovascularizacion y deposito de colageno.,Tasa de cicatrizacion superior al 95% al dia 14 en el modelo de herida diabetica.,"Buen ejemplo de PCL en fibras core-shell combinado con un hidrogel funcional (no chitosan/HA en este caso), relevante para Q2 como estrategia de liberacion sostenida de peptido.",Q2
P54,"Jones et al., 2025 - 3D-Printed Biocompatible Frames for Electrospun Nanofiber Membranes (Micromachines)","Chitosan (en la membrana de nanofibras, combinada con oxido de polietileno)","Marco de soporte impreso en 3D con resina biocompatible curable por UV, aplicado directamente sobre la membrana de nanofibras (no es una modificacion quimica del chitosan en si)","Fabricaron membranas de nanofibras de quitosano-PEO por electrospinning, disenaron marcos circulares imprimibles en 3D y por sellado manual, y evaluaron biocompatibilidad de las membranas enmarcadas mediante ensayos de extracto estandarizado y contacto directo.","Los marcos permitieron manipulacion rutinaria de laboratorio sin daniar la membrana; se observo una dinamica de adaptacion celular en el tiempo, por lo que periodos de evaluacion mas largos son importantes para determinar biocompatibilidad real.",Respuesta celular normalizada de 116.5% +/- 12.2% en ensayos de extracto con procesamiento optimizado; viabilidad de hasta 78.2% +/- 32.4% en evaluaciones de contacto directo.,Aporta una solucion de ingenieria (no de composicion quimica) para el manejo practico de membranas de chitosan fragiles — relevante para Q1 como confirmacion de biocompatibilidad de chitosan-PEO.,Q1
P55,"Wang et al., 2025 - Design and Characterization of Curcumin-Modified Polyurethane Material (Biomolecules)","Polycaprolactone (PCL) usado como componente estructural (segmento blando) del poliuretano, no como scaffold poroso tradicional",Uso de curcumina como extensor de cadena (agente bioactivo incorporado en la sintesis quimica del polimero),"Sintetizaron el poliuretano modificado con curcumina (Cur-PU) usando PCL como segmento blando, variando la cantidad de curcumina, y evaluaron biocompatibilidad con fibroblastos L929 mediante ensayo MTT y hemolisis.","A mayor contenido de curcumina, la cristalinidad del material disminuyo notablemente, y la resistencia a la traccion y dureza tambien bajaron.",Viabilidad celular igual o mayor a 90% tras 72 horas de cultivo; tasa de hemolisis por debajo del 5%.,Ejemplo de PCL usado no como scaffold poroso sino como componente estructural de un polimero funcional (poliuretano) — util para Q2 como estrategia de modificacion quimica mediante incorporacion de un compuesto bioactivo natural.,Q2
P57,"Cinici et al., 2025 - Development of PLA/HA Composite Filaments for 3D Printing of Bone TE Scaffolds (Progress in Biomaterials)",Hydroxyapatite (HA) combinada con PLA como matriz principal,"Variacion sistematica del porcentaje de HA (10%, 20%, 30%, 40%) mezclado con PLA mediante extrusion","Fabricaron granulos y filamentos de PLA/HA en 4 proporciones distintas mediante extrusion de doble husillo y luego de husillo simple, y caracterizaron estabilidad termica, morfologia, propiedades mecanicas y desempeño biologico in vitro.","Concentraciones bajas a moderadas de HA (10% y 20%) mejoraron la citocompatibilidad y promovieron la adhesion celular; concentraciones mayores afectaron negativamente la resistencia a la traccion, probablemente por aglomeracion de particulas.",El modulo elastico aumento en las composiciones PLA/HA_10 y PLA/HA_20 comparado con PLA puro.,Ejemplo muy claro y cuantificable de 'punto optimo' de concentracion de HA (10-20%) antes de que el material empeore — extremadamente util para Q2 (relacion dosis-respuesta de la estrategia de modificacion).,Q2
P60,"Salehi et al., 2025 - Fabrication of PCL/chitosan/graphene quantum dots nanocomposite scaffolds for neural TE (Carbon Trends)",Polycaprolactone (PCL) + Chitosan,Incorporacion de puntos cuanticos de grafeno (GQDs) como aditivo conductor,"Fabricaron 5 scaffolds nanocompuestos por electrospinning con distintas concentraciones de GQDs (0.5 a 4 wt%) y evaluaron conductividad electrica, degradacion, propiedades mecanicas y viabilidad de celulas PC12.","El aumento de GQDs (0.5 a 1 wt%) mejoro resistencia mecanica y modulo elastico, pero concentraciones mayores causaron fragilidad; la conductividad mejoro notablemente con mas GQDs.","La resistencia electrica disminuyo de ~1883 a 133 Ohm al aumentar GQDs de 0.5 a 1 wt%; viabilidad celular aumento 4-7% con 0.5-2 wt% GQDs, pero 4 wt% causo citotoxicidad.","Excelente ejemplo de chitosan+PCL combinados con un aditivo conductor (GQDs), con un 'punto optimo' claro (0.5-2 wt%) antes de volverse toxico. Muy relevante para Q2.",Q2
P61,"Meng et al., 2025 - Ceramic-based piezoelectric material reinforced 3D printed PCL bone scaffolds (Mater Des)",Polycaprolactone (PCL),"Incorporacion de ceramicas piezoelectricas (DPC y CPC, a base de bismuto-sodio-titanio) como aditivo funcional","Diseñaron y fabricaron scaffolds 3D de PCL con DPC y CPC, y compararon su desempeño mecanico y biologico contra scaffolds de PCL/hidroxiapatita (HA), un material ya aceptado clinicamente.",Los scaffolds con DPC y CPC combinados (en cascada) superaron a los de PCL/HA en diferenciacion osteogenica.,Mejora del 88.6% en propiedades mecanicas comparado con PCL puro; tasa de proliferacion celular 46.3% mayor que HA; superacion del 7.4% sobre PCL/HA en diferenciacion osteogenica.,"Muestra una alternativa a la hidroxiapatita para mejorar propiedades biologicas, dando un punto de comparacion directo (PCL/HA vs PCL/piezoceramica) muy util para Q1 y Q2.",Q1+Q2
P62,"Kang et al., 2025 - Suspended 3D printing of PCL/HA composites for fabrication of complex bone scaffolds (Int J Bioprinting)",Polycaprolactone (PCL) + Hydroxyapatite (HA),"Uso de bioink de PCL disuelto (dPCL) combinado con HA, impreso dentro de un medio de soporte (impresion suspendida)","Desarrollaron un bioink de PCL disuelto (dPCL) mezclado con HA, lo imprimieron usando la tecnica de impresion suspendida en 3D, y compararon errores de impresion y propiedades mecanicas/celulares contra PCL y dPCL solos.","El bioink optimizado de dPCL/HA redujo notablemente los errores de impresion comparado con metodos convencionales; lograron fabricar formas complejas (helices, sillas de montar, hemisferios huecos) imitando estructuras anatomicas reales.",Reduccion de hasta 85% en errores de impresion comparado con metodos convencionales; modulo de Young a compresion aproximadamente 50 MPa mayor en dPCL/HA que en dPCL solo.,Aporta evidencia de que la combinacion PCL+HA no solo mejora biocompatibilidad sino tambien la manufacturabilidad de formas complejas — relevante para Q1 (biocompatibilidad superior a PCL/dPCL solos) y Q2 (tecnica de impresion como estrategia).,Q1+Q2
P63,"Krishani et al., 2025 - Synthesis and Characterization of Keratin-Based Scaffold (Fibers)","Hydroxyapatite (derivada de conchas de berberecho, no sintetica)",Combinacion de queratina (proteina estructural) con gelatina e hidroxiapatita natural,"Extrajeron queratina de recortes de unas humanas, fabricaron dos tipos de scaffold por liofilizacion (queratina+gelatina [KG] vs queratina+gelatina+HA [KGH]), y compararon propiedades y viabilidad celular entre ambos.","El scaffold KG (sin HA) tuvo mayor porosidad, absorcion y retencion de agua que el KGH; en cambio, el KGH mostro mayor proliferacion celular en los estudios de biocompatibilidad.","No se reportan porcentajes exactos de viabilidad celular en el resumen, pero se confirma diferencia significativa en el modulo de Young entre ambos scaffolds mediante pruebas de resistencia a la traccion.","Ejemplo de fuente sostenible y no convencional de HA (residuo de concha marina) combinada con otra proteina estructural (queratina, de residuo de una humana) — relevante para Q1 (comparacion directa KG vs KGH).",Q1
P65,"Gepek et al., 2025 - PLA-based bone tissue engineering scaffolds incorporating HA and bioactive glass using DLP (Int J Bioprinting)",Hydroxyapatite (HA) combinada con PLA como matriz principal,Incorporacion de HA y vidrio bioactivo de borato (BBG) en distintas proporciones dentro de la matriz de PLA,"Imprimieron scaffolds mediante impresion 3D DLP con distintas combinaciones de PLA, HA y BBG, y evaluaron viscosidad, precision de impresion, bioactividad (inmersion en fluido corporal simulado por 4 semanas) y viabilidad de osteocitos.","El HA aumento la viscosidad y redujo la precision de impresion, pero mejoro propiedades mecanicas y bioactividad; el BBG aumento la hidrofilicidad y la fidelidad de forma del scaffold. El PLA-BBG mostro la mayor viabilidad de osteocitos, seguido de PLA-HA.","Formacion de una capa secundaria de HA en la superficie del scaffold tras 4 semanas en fluido corporal simulado, confirmando bioactividad en ambos aditivos (HA y BBG).","Comparacion directa y clara entre PLA solo, PLA+HA y PLA+BBG en el mismo estudio — muy util para Q1 (jerarquia de biocompatibilidad) y Q2 (aditivo HA vs aditivo alternativo BBG).",Q1+Q2
P66,"Huang et al., 2024 - BMP7-Loaded GelMA/Oxidized Sodium Alginate/Nano-Hydroxyapatite Composite Hydrogel (Int J Nanomedicine)",Hydroxyapatite (nano-HA),"Carga de factor de crecimiento (BMP7, proteina morfogenetica osea 7) + doble entrecruzamiento quimico del hidrogel","Fabricaron hidrogeles dualmente entrecruzados de GelMA/alginato de sodio oxidado con distintas cantidades de nHA, incorporaron BMP7 en la formulacion optima, y evaluaron potencial osteogenico in vitro e in vivo en un modelo de defecto femoral en rata.","El hidrogel con 10% de nHA mostro el mejor desempeño general entre todos los grupos; el hidrogel cargado con BMP7 (BHGO) supero a los controles (blanco, BMP7 solo, HGO solo) en induccion osteogenica.",El hidrogel con 10% nHA (HGO) fue la formulacion optima para servir como portador de BMP7.,"Ejemplo claro de HA combinada con un factor de crecimiento especifico (BMP7), con comparacion directa entre grupos (control vs BMP7 vs HGO vs BHGO) — muy relevante para Q2.",Q2
W03,Zhu et al. - Cellulose nanocrystals modified hydroxyapatite/PVA scaffold (Int J Biol Macromol),Hydroxyapatite (nano-HA),"Uso de nanocristales de celulosa modificados por alquilacion asistida por ultrasonido como dispersante para sintetizar la nano-HA, luego combinada con PVA mediante metodo de plantilla de hielo","Prepararon el dispersante de nanocristales de celulosa (K-PCNCs), sintetizaron nano-HA usandolo, combinaron con PVA por metodo de plantilla de hielo, y evaluaron citocompatibilidad y capacidad de mineralizacion con celulas.","La distribucion de poros del scaffold compuesto fue mas homogenea que la del scaffold de PVA solo; la porosidad, tasa de hinchamiento y propiedades mecanicas aumentaron y luego disminuyeron con mas contenido de HA modificada, alcanzando un maximo con 9% en peso.","Con 9% (p/p) de HC-K: porosidad de 56.1%, tasa de hinchamiento de equilibrio de 807.7%, resistencia mecanica de 0.085 +/- 0.004 MPa; actividad de ALP de 1.71 +/- 0.25 (actividad/mg proteina).",Otro ejemplo de 'dosis optima' de HA modificada (9 wt%) dentro de una matriz polimerica — relevante para Q1/Q2 por su dato cuantitativo claro.,Q1+Q2
W05,Howard et al. - Electrospun PCL and PCL/gelatine 3D sponges (Nanomaterials),Polycaprolactone (PCL),"Optimizacion de parametros de fabricacion (concentracion de solucion, humedad, conductividad) usando diseno experimental Taguchi, combinando PCL con gelatina","Usaron un enfoque de diseno experimental Taguchi para optimizar parametros de electrospinning, lograron esponjas 3D de PCL puro y PCL/gelatina (80:20), y compararon viabilidad celular contra mallas 2D electrohiladas planas y controles TCP.",Se logro formacion directa de esponjas 3D reproducibles (antes considerado dificil); la esponja con gelatina fue mas 'esponjosa' gracias al aumento de conductividad de la solucion; la esponja soporto viabilidad celular significativamente mayor que las mallas 2D planas e incluso que el control TCP positivo.,"Condiciones optimas: solucion 24% p/v de PCL:gelatina 80:20, humedad >=70%, distancia 15 cm, voltaje 22 kV, flujo 1500 uL/h; diametro de fibra resultante ~1 micrometro.","Aporta un avance tecnico importante (pasar de mallas 2D a esponjas 3D reales) para PCL, relevante para Q2 como estrategia de optimizacion de parametros de fabricacion (no de composicion quimica).",Q2
W07,Peng et al. - Hydroxyapatite whisker porous scaffold with Mg/Sr ions (Materials Letters),Hydroxyapatite (en forma de whisker/bigote cristalino),Incorporacion de iones de magnesio (Mg) y estroncio (Sr) en la estructura de whiskers de hidroxiapatita,"Fabricaron scaffolds de whiskers de HA con y sin Mg/Sr, caracterizaron tamano de poro y estructura, y evaluaron citotoxicidad, proliferacion celular, tasa de degradacion y actividad de fosfatasa alcalina (ALP) como indicador de mineralizacion.",Los scaffolds de whiskers no mostraron citotoxicidad evidente; la adicion de iones Mg y Sr aumento la proliferacion celular; la degradacion del scaffold fue relativamente lenta.,"Tamano de poro entre 10-70 micrometros con estructura de canales pasantes de 300-500 micrometros; los whiskers puros ya mostraron capacidad de mineralizacion osea por ALP, y el Mg/Sr la potenciaron aun mas.",Ejemplo de HA en forma cristalina especifica (whisker) modificada con iones traza — relevante para Q2 como estrategia de dopaje ionico.,Q1+Q2
W08,Najar et al. - Baghdadite-modified PCL 3D printed scaffold (Materials Today Materialia),Polycaprolactone (PCL),"Tratamiento superficial post-fabricacion con distintas concentraciones de baghdadita (1%, 5%, 10%) sobre scaffolds ya impresos","Imprimieron scaffolds de PCL en 3D con patrones de capas circulares, los expusieron a baghdadita en 3 concentraciones, y evaluaron biocompatibilidad y diferenciacion osteogenica con celulas madre derivadas de tejido adiposo humano (hASCs).",La adicion de baghdadita no altero el comportamiento mecanico del scaffold; la tasa de degradacion hidrolitica fue mayor en PCL/baghdadita que en scaffold tratado solo con plasma; el tratamiento superficial mejoro significativamente la diferenciacion osteogenica de las hASCs.,"Se evaluo actividad de fosfatasa alcalina (ALP), deposito de calcio y expresion de 4 genes relacionados a hueso (osteocalcina, osteonectina, ALP, RUNX), todos mejorados con el tratamiento de baghdadita.",Ejemplo de PCL con un tratamiento superficial economico y efectivo (baghdadita) — relevante para Q2 como estrategia de bajo costo para mejorar osteoconductividad.,Q1+Q2
W09,Ge et al. - Magnetic tissue engineering PCL scaffolds for targeted drug delivery (Bioengineering),Polycaprolactone (PCL),Incorporacion de particulas magneticas (magnetita) de tamano micrometrico en distintas proporciones dentro del PCL,"Fabricaron scaffolds porosos de PCL con hasta 40% de magnetita, evaluaron degradacion en fluido corporal simulado, biocompatibilidad con celulas estromales de medula osea de raton, e implantaron en un modelo de bolsa de aire en la espalda de ratones para verificar atraccion de particulas magneticas-fluorescentes inyectadas.",Hasta 40% de magnetita microparticulada se pudo usar para formular scaffolds porosos de PCL manteniendo biocompatibilidad comparable al PCL solo; las particulas magnetico-fluorescentes inyectadas se enriquecieron especificamente en los tejidos con el scaffold que tenia 20% de material magnetico.,"El grupo con 20% de magnetico/PCL mostro enriquecimiento colectivo confirmado de particulas fluorescentes-magneticas en los tejidos de la bolsa de aire tras inyeccion intraperitoneal, confirmado por evaluacion histologica y PCR en tiempo real.","Aplicacion muy innovadora de PCL (no busca biocompatibilidad basica, sino funcionar como 'estacion magnetica' para atraer farmacos) — relevante para Q2 como estrategia funcional avanzada.",Q2
W12,Qing et al. - Gelatin/nano-hydroxyapatite ordered pore scaffold (Materials Letters),Hydroxyapatite (nano-HA),"Combinacion con gelatina en distintas proporciones de nHAP, usando extrusion direccional en un molde metalico para crear poros ordenados","Prepararon scaffolds de gelatina/nHAP con tres tamanos de poro pasante distintos mediante extrusion direccional, y evaluaron resistencia a compresion, memoria de forma, citotoxicidad y adhesion celular con capacidad de induccion de osteoblastos.","El scaffold tipo C (con poro promedio de 750 +/- 65 micrometros) mostro el mejor desempeño general, siendo el mas cercano al tamano de poro real del hueso humano (800 micrometros); tras reticulacion, el scaffold mostro un efecto de memoria macroscopica.",La resistencia a compresion del scaffold primero disminuyo y luego aumento con mas contenido de nHAP; los ensayos de citotoxicidad y adhesion celular confirmaron que el scaffold promueve induccion y diferenciacion de osteoblastos.,Ejemplo de HA con diseno de poro ordenado calibrado especificamente para coincidir con el tamano de poro del hueso humano real — relevante para Q1/Q2 por el enfoque en geometria precisa.,Q1+Q2
W14,Wang et al. - Elastin-incorporated PCL scaffold for vascular tissue engineering (Colloids Surf B),Polycaprolactone (PCL),"Incorporacion de elastina (proteina natural) en fibras de PCL, con diseno bicapa orientado imitando la disposicion celular de vasos sanguineos nativos","Combinaron elastina con PCL para fabricar scaffolds fibrosos, evaluaron efectos sobre adhesion/proliferacion de celulas endoteliales, celulas de musculo liso y polarizacion de macrofagos, y disenaron un scaffold bicapa orientado con fibras que guian la orientacion celular.","La elastina favorecio la adhesion y proliferacion de celulas endoteliales, suprimio la proliferacion de celulas de musculo liso, e indujo polarizacion de macrofagos; ademas aumento la resistencia, elasticidad y elongacion del scaffold, disminuyendo el modulo elastico.",El scaffold bicapa orientado con elastina mostro buena capacidad de infiltracion celular y propiedades mecanicas favorables para endotelizacion rapida (sin cifras porcentuales especificas en el resumen).,"Ejemplo de PCL combinado con una proteina estructural especializada (elastina, no HA ni chitosan) para una aplicacion vascular especifica — util como contexto de Q2, mostrando otros tipos de agentes bioactivos posibles.",Q2
W17,Ghadirian et al. - Core-shell electrospinning PHB-Chitosan for cartilage TE with ECM (Biomater Adv),"Chitosan (combinado con polihidroxibutirato, PHB)","Fibras core-shell: nucleo de PHB-Chitosan + nanotubos de haloisita, cubierta de Chitosan + distintas concentraciones de ECM de cartilago descelularizada (0%, 1%, 3%, 5%)","Fabricaron fibras core-shell con distintas concentraciones de ECM en la cubierta, evaluaron diametro de fibra, angulo de contacto, propiedades mecanicas, viabilidad celular (MTT) y expresion genica de marcadores de cartilago (Colageno II, Agrecano, SOX9, Colageno X).","La adicion de ECM redujo el diametro de fibra; el scaffold con 1% de ECM (1E) mostro la mayor resistencia mecanica y fue considerado el optimo; en ese scaffold, los marcadores positivos de cartilago (Colageno II, Agrecano, SOX9) estuvieron mas regulados al alza al dia 21, mientras que el marcador de hipertrofia (Colageno X) estuvo regulado a la baja.",Diametro de fibra bajo de 775 nm (0E) a 454 nm (1E); resistencia 5.81 MPa y deformacion 3.17% en el scaffold optimo (1E); viabilidad celular superior al 80% en los scaffolds 0E y 1E.,"Ejemplo de chitosan combinado con PHB y ECM descelularizada, con un 'punto optimo' claro de concentracion de ECM (1%) — muy relevante para Q2, con marcadores geneticos especificos.",Q2
W18,Pan et al. - Physical chitosan gel scaffolds with tunable water content (Int J Biol Macromol),Chitosan,"Regulacion del contenido de agua del gel de quitosano mediante 3 estados: hidrogel (93.57% agua), xerogel deshidratado (2.84% agua), y gel humedo rehidratado (56.06% agua)","Prepararon quitosano fisico reticulado por control de temperatura en tres estados de hidratacion distintos, y evaluaron propiedades mecanicas de compresion y biocompatibilidad/resistencia a biodegradacion in vitro e in vivo.","El contenido de agua influyo significativamente en el estado del agua, los enlaces de hidrogeno y el enredo de cadenas de quitosano en la red del gel; el xerogel (menos agua) pudo soportar pesos mas de 65,000 veces su propia masa manteniendo estabilidad estructural.","Resistencia a compresion ajustable entre 0.3128 y 139 MPa, y modulo de compresion entre 0.2408 y 1094 MPa, dependiendo del estado de hidratacion; xerogel y gel humedo mostraron mejor biocompatibilidad y resistencia a biodegradacion que el hidrogel original.",Ejemplo muy elegante de chitosan modificado SIN aditivos quimicos (solo controlando agua) para lograr propiedades ajustables — relevante para Q2 como estrategia de bajo costo y sin agentes reticulantes externos.,Q2
W20,Jia et al. - PLA/nHAp/Human acellular amniotic membrane composite scaffold (Materials),Hydroxyapatite (nano-HA),"Combinacion de PLA con nano-hidroxiapatita (nHAp) y membrana amniotica humana acelular (HAAM, rica en colageno y mucopolisacaridos, sin inmunogenicidad)","Prepararon el scaffold compuesto PLA/nHAp/HAAM, caracterizaron porosidad, absorcion de agua y modulo elastico, y construyeron el complejo celula-scaffold usando osteoblastos de rata recien nacida para evaluar propiedades biologicas.",El scaffold tiene una estructura compuesta de poros grandes (200 um) y pequenos (30 um); al anadir HAAM el angulo de contacto disminuyo a 38.7 grados y la absorcion de agua alcanzo 249.7%; la adicion de nHAp mejoro la resistencia mecanica del scaffold.,"La tasa de degradacion del grupo PLA+nHAp+HAAM fue la mas alta, alcanzando 39.48% tras 12 semanas; ese grupo tambien mostro la mayor viabilidad celular y la mayor tasa de adhesion celular entre todos los grupos.","Ejemplo interesante de HA combinada con un tejido natural humano descelularizado (no solo con polimeros sinteticos) — relevante para Q1/Q2, con datos cuantitativos completos de degradacion y adhesion.",Q1+Q2
W21,Su et al. - Recrystallized surface melt electrowritten PCL scaffolds (Materials Today Physics),Polycaprolactone (PCL),"Recristalizacion superficial (proceso fisico, no quimico) de scaffolds de PCL fabricados por melt electrowriting (MEW)","Fabricaron scaffolds de PCL por melt electrowriting con superficies recristalizadas (rPCL) vs sin recristalizar (mPCL), y compararon propiedades mecanicas, biocompatibilidad, expresion de fosfatasa alcalina y mineralizacion de calcio, ademas de imprimir un scaffold con forma de vertebra lumbar.","Los scaffolds recristalizados (rPCL) mostraron propiedades mecanicas reforzadas, biocompatibilidad mantenida, mayor expresion de fosfatasa alcalina y mejor mineralizacion de calcio comparado con los scaffolds sin recristalizar (mPCL), confirmando promocion de diferenciacion osteogenica.",Se logro imprimir exitosamente scaffolds con forma de vertebra lumbar para que celulas precursoras de osteoblastos se colonizaran en el patron deseado — sin cifras porcentuales exactas en el resumen disponible.,"Ejemplo de modificacion puramente fisica/estructural del PCL (recristalizacion, sin anadir ningun otro material) — relevante para Q2 como estrategia de bajo costo que no requiere aditivos.",Q2
W22,Jamali et al. - Hydrogel/fiber composite: chitosan-modified PCL microfibers with chitosan hydrogel binder (Int J Biol Macromol),Polycaprolactone (PCL) + Chitosan,"Funcionalizacion de microfibras de PCL con grupos amina, luego union quimica de cadenas de quitosano mediante un agente acoplante aldehido (reaccion de base de Schiff); las fibras modificadas se moldean con soluciones de quitosano de distinta concentracion como aglutinante, estabilizadas por reticulacion ionica","Funcionalizaron microfibras de PCL con quitosano quimicamente unido (confirmado por FTIR y Raman), las combinaron con distintas concentraciones de hidrogel de quitosano, y evaluaron propiedades mecanicas de compresion/traccion y viabilidad celular (adhesion, proliferacion, penetracion).","El compuesto obtenido presento estructura 3D porosa con poros altamente interconectados; el quitosano se inmovilizo exitosamente sobre las fibras de PCL, confirmado por espectroscopia; los hidrogel/fibra compuestos preservaron la viabilidad celular.","El modulo de compresion aumento 19 y 2.7 veces (en estado seco y humedo respectivamente), y el modulo de traccion aumento 28 y 4 veces, al incrementar la concentracion de hidrogel de 0.1% a 1%; el aumento de proporcion de hidrogel tambien aumento adhesion, proliferacion y penetracion celular.","Ejemplo excelente y muy cuantificado de PCL y chitosan combinados quimicamente (no solo mezclados), con datos claros de mejora mecanica proporcional a la concentracion — muy relevante para Q1 y Q2.",Q1+Q2
W25,Woods et al. - 3D-Printed Electroconductive MXene-based micro-meshes in hyaluronic acid ECM for neural regeneration (Adv Science),"Polycaprolactone (PCL) usado como micro-malla estructural, combinado con MXene (material 2D conductor, no HA ni chitosan)","Funcionalizacion de micro-mallas de PCL (fabricadas por melt electrowriting con distinto espaciado de fibra) con nanolaminas de MXene (Ti3C2Tx) para dar conductividad electrica, embebidas en una matriz de acido hialuronico neurotrofica","Sintetizaron nanolaminas de MXene, fabricaron micro-mallas de PCL por melt electrowriting con distintas densidades de espaciado, las funcionalizaron con MXene, las embebieron en una matriz de acido hialuronico, y evaluaron crecimiento de neuritas bajo estimulacion electrica con neuronas y neuroesferas.","Las MXenes mostraron excelente biocompatibilidad con neuronas, astrocitos y microglia; la estimulacion electrica de neuronas sembradas en estos scaffolds promovio crecimiento de neuritas, influenciado por el espaciado de fibra de la micro-malla.",Conductividad ajustable entre 0.081 +/- 0.053 y 18.87 +/- 2.94 S/m segun densidad de fibra; las neuroesferas estimuladas 7 dias en scaffolds de alta densidad mostraron extension axonal y diferenciacion neuronal significativamente mayor que en scaffolds de baja densidad o sin MXene.,Ejemplo de PCL usado como andamio estructural para un material funcional avanzado (MXene) en regeneracion nerviosa (no osea) — util como contexto de Q1/Q2 mostrando otra aplicacion de PCL.,Q1+Q2
W26,"Bhattacharyya et al., 2023 - 3D bioprinting alginate-chitosan-kaolin bioink for tissue regeneration (Carbohydrate Polymers)",Chitosan (combinado con alginato),"Incorporacion de caolin (nanoarcilla de aluminosilicato) en distintas concentraciones dentro de la bioink de alginato-quitosano, usando un extrusor especial tipo 'pluma' para mezcla homogenea","Bioimprimieron estructuras multicapa complejas con la bioink alginato-quitosano-caolin usando un extrusor tipo pluma avanzado, y evaluaron propiedades mecanicas dinamicas/ciclicas ademas de crecimiento de dos lineas celulares (osteoblastos y fibroblastos) durante bioimpresion multicapa de area grande.","Las propiedades mecanicas estaticas, dinamicas y ciclicas, ademas de la imprimibilidad autosoportada, mejoraron significativamente con la concentracion de caolin, gracias a enlaces de hidrogeno e interacciones de reticulacion entre el polimero y la nanoarcilla con menos iones de calcio necesarios.",El extrusor tipo pluma mostro mejor efectividad de mezcla que el proceso convencional (confirmado por simulacion de dinamica de fluidos computacional); el caolin promovio crecimiento y proliferacion uniforme de ambas lineas celulares en toda la matriz de gel bioimpresa.,"Ejemplo de chitosan combinado con una arcilla natural (caolin) como estrategia de refuerzo sin quimicos toxicos, en bioimpresion de gran area — relevante para Q2 como estrategia de bioimpresion avanzada.",Q2
W28,"Jagitay et al., 2026 - PVA/Olive pit powder/HAp 3D printed scaffolds (Polymer Bulletin)",Hydroxyapatite (HA),"Incorporacion de polvo de hueso de aceituna (OPP, residuo agricola sostenible) junto con HA en distintas proporciones dentro de una matriz de PVA","Fabricaron 4 formulaciones distintas de PVA/OPP/HAp por extrusion 3D, evaluaron estructura mediante FTIR y SEM, propiedades mecanicas de traccion, y citocompatibilidad mediante ensayo MTT y tincion fluorescente.","El aumento de contenido de OPP mejoro la conectividad entre poros y la rugosidad superficial, con tamanos de poro entre 382-572 micrometros (ideal para osteogenesis); la formulacion sin OPP (1PVA/0OPP/HAp) mostro la mayor resistencia a traccion, mientras que la formulacion con proporcion equilibrada (1PVA/1OPP/HAp) mostro mayor capacidad de deformacion.","Contenido moderado de OPP (formulaciones 1PVA/1OPP/HAp y 5PVA/2OPP/HAp) promovio mejor viabilidad y propagacion celular, mientras que el exceso de OPP (2PVA/5OPP/HAp) perjudico la proliferacion, posiblemente por estres oxidativo inducido por compuestos fenolicos.","Ejemplo de HA combinada con un residuo agricola sostenible (polvo de hueso de aceituna) como relleno alternativo — relevante para Q2, con otro caso de 'punto optimo' de concentracion antes de volverse perjudicial.",Q2
W29,"Zhang et al., 2024 - Polydopamine nanospheres modified chitosan/alginate hydrogel nanocomposites (J Macromol Sci)",Chitosan (combinado con alginato),Incorporacion de nanoesferas de polidopamina (PDA NPs) en la matriz de hidrogel de quitosano/alginato (Ch/Alg),"Sintetizaron el scaffold poroso Ch/Alg-DA/PDA con morfologia de nanosuperficie, evaluaron capacidad de biomineralizacion, carga y liberacion de ciprofloxacino (antibiotico), y cultivaron osteoblastos evaluando proliferacion y viabilidad por microscopia de fluorescencia.",El tratamiento con PDA acelero el crecimiento de apatita sobre los scaffolds modificados; los hidrogeles Ch/Alg-DA/PDA mostraron mejor capacidad de adsorcion de ciprofloxacino y comportamiento de liberacion in vitro mas estable que otros hidrogeles comparados; el PDA promovio adhesion/proliferacion y crecimiento espontaneo de osteoblastos.,"Los osteoblastos fueron cultivados hasta 3 dias, con proliferacion y viabilidad celular examinadas por microscopia de fluorescencia (sin cifras porcentuales especificas en el resumen).","Ejemplo de chitosan combinado con alginato y polidopamina, con doble funcion (regeneracion osea + liberacion de antibiotico) — relevante para Q2.",Q2
W31,"Mansi et al., 2023 - Introducing Metal Organic Frameworks to Melt Electrowriting: Multifunctional Scaffolds (Adv Funct Mater)",Polycaprolactone (PCL),"Combinacion de PCL con un MOF a base de hierro decorado con plata/cloruro de plata (NH2-MIL-88B(Fe)), impreso por melt electrowriting con hasta 20% en peso de MOF","Fabricaron construcciones altamente ordenadas de PCL/MOF por melt electrowriting con diametro de fibra de 50 micrometros, y evaluaron eficacia antibacteriana sostenida, citocompatibilidad, respuesta inmune in vitro, y visibilidad por resonancia magnetica (MRI).","5% en peso de MOF resulto ser la concentracion optima: mostro eficacia antibacteriana sostenida inducida por la plata, mientras mantuvo la citocompatibilidad y respuesta inmune normal del PCL puro.","Hasta 20% en peso de MOF se pudo imprimir exitosamente con fibras de 50 micrometros; el componente de hierro del MOF permitio que el scaffold fuera visible por resonancia magnetica, un metodo clinicamente aceptado para monitorear implantes.","Ejemplo muy avanzado de PCL combinado con un MOF multifuncional (antibacteriano + visible en MRI) — relevante para Q2 como estrategia de doble funcionalidad, similar en espiritu al scaffold radiopaco (P37) pero via resonancia magnetica en vez de rayos X.",Q2
W32,"Ren et al., 2022 - PCL nanoneedle arrays maintaining multipotency of bone marrow MSCs (Front Bioeng Biotechnol)",Polycaprolactone (PCL),"Fabricacion de arreglos de nanoagujas mediante cristalizacion autologa del propio PCL (controlando su peso molecular), con y sin recubrimiento de polidopamina (PDA)","Fabricaron arreglos de nanoagujas de PCL de distintas alturas (50, 80, 100 nm) controlando el peso molecular, algunos modificados con PDA, y cultivaron celulas madre mesenquimales de medula osea (BMMSCs) evaluando adhesion, propagacion, proliferacion y multipotencia.","El recubrimiento con PDA mejoro adhesion y propagacion celular pero cambio la distribucion de celulas de agregada a laminar, lo cual debilito la interaccion celula-celula y disminuyo la multipotencia; en cambio, las nanoagujas de PCL puras mantuvieron la multipotencia via crecimiento agrupado (clustered).","El arreglo PCL1 (altura de 50 nm) sin PDA fue el mas prometedor, con la mayor tasa de proliferacion y mejor capacidad de diferenciacion multipotencial entre los tres estudiados; el angulo de contacto con agua bajo de 84 a casi 60 grados tras el tratamiento con PDA.","Hallazgo importante y contraintuitivo: mejorar adhesion celular (via PDA) en este caso PERJUDICO la multipotencia de las celulas madre, porque debilito la interaccion celula-celula. Muy relevante para Q1/Q2 como ejemplo de que 'mas bioactivo' no siempre es 'mejor'.",Q1+Q2
W34,"Yavuz et al., 2026 - PVA/CS/HA/Boric acid nanofiber matrices for immunocompromised patients (Materials)",Chitosan (CS) + Hydroxyapatite (HA),"Incorporacion de acido borico (BA) en distintas concentraciones dentro de una matriz de nanofibras de PVA/quitosano/hidroxiapatita, usando electrospinning disenado para evitar reticulacion temprana","Fabricaron matrices de nanofibras PVA/CS/HA/BA por electrospinning, caracterizaron morfologia de fibra, formacion de enlaces borato-ester, propiedades mecanicas, estabilidad termica, y evaluaron citocompatibilidad con celulas hFOB y actividad antifungica contra Candida albicans.",El diametro de fibra vario segun el contenido de acido borico (178-330 nm); la incorporacion de HA mejoro la estabilidad termica; la concentracion de 0.5% de BA mostro fuerte actividad antifungica contra Candida albicans pero perjudico la viabilidad celular.,"0.25% en peso de BA maximizo la resistencia a traccion (9.15 MPa), acercandose a los estandares reforzados con HA, y mantuvo citocompatibilidad sostenida con las celulas hFOB; se identifico como el mejor balance entre integridad mecanica y accion antibacteriana.","Ejemplo de HA+Chitosan combinados con un tercer aditivo (acido borico) con doble funcion (estructural + antifungica), con un claro 'punto optimo' de concentracion (0.25%) — muy relevante para Q1/Q2.",Q1+Q2
W36,Wang et al. - Extrusion 3D printing of gelatin-based Gel/PCL/n-HA biomaterial inks (J Iron Sea Ind),Polycaprolactone (PCL) + Hydroxyapatite (nano-HA),"Disolucion por separado de gelatina y PCL en acido acetico para lograr dispersiones homogeneas, luego combinadas e hibridadas con nano-hidroxiapatita (n-HA) para crear una tinta de impresion compuesta","Optimizaron condiciones de impresion (concentracion de n-HA, temperatura, presion, velocidad), identificaron la formulacion optima (25% gelatina, 25% PCL, 50% n-HA), imprimieron scaffolds 3D, y evaluaron biocompatibilidad, adhesion, viabilidad celular y absorcion de n-HA in vitro, ademas de regeneracion osea in vivo.","La formulacion optima (25:25:50) demostro excelente imprimibilidad y estabilidad, con propiedades mecanicas significativamente mejoradas; el scaffold bioactivo se biodegrado durante la implantacion y promovio significativamente la regeneracion osea en el sitio del defecto.","Condiciones optimas de impresion: concentracion de n-HA de 50% (p/p), temperatura de impresion 10-15 grados C, presion de 2.5 bar, velocidad de 7 mm/s.","Ejemplo tecnico completo de PCL+HA en formulacion de tinta de bioimpresion optimizada paso a paso, confirmado tanto in vitro como in vivo — muy relevante para Q1/Q2.",Q1+Q2
W37,Weng et al. - PCL membrane with wave-patterned microgrooves mimicking osteon architecture (Dental Materials Journal),Polycaprolactone (PCL),"Fabricacion de microsurcos con patron ondulado de tres dimensiones geometricas distintas mediante litografia blanda y moldeo por fusion, imitando la arquitectura del osteon","Fabricaron membranas de PCL con microsurcos ondulados en 3 tamanos (L1, L2, L3) y profundidad uniforme de 10 micrometros, y cultivaron celulas MC3T3-E1 (osteoblasticas) y RAW264.7 (precursoras de osteoclastos) evaluando deformacion nuclear, proliferacion y orientacion celular por guia de contacto.",Los microsurcos ondulados mejoraron la proliferacion celular en distintos grados; las celulas usaron guia de contacto para crecer a lo largo de la topografia de los microsurcos; la configuracion L3 (surcos mas grandes) mostro doble funcionalidad optima: promover osteogenesis e inhibir osteoclastogenesis simultaneamente.,"Las celulas MC3T3-E1 mostraron deformacion nuclear mas pronunciada en los grupos L2 y L3, mientras las celulas RAW264.7 mostraron mayor deformacion en los grupos L1 y L2 — sin cifras porcentuales exactas en el resumen disponible.",Ejemplo avanzado de PCL con diseno de microtopografia bioinspirada (no aditivo quimico) que logra doble efecto (promover formacion osea e inhibir su resorcion) — muy relevante para Q2 como estrategia de diseno geometrico puro.,Q2
W40,"Jaswal et al., 2024 - PCL-Gold Nanospheres@Polydopamine for photothermal bone cancer therapy and regeneration (Materials Today Nano)",Polycaprolactone (PCL),"Incorporacion de nanoesferas de oro (30 nm) recubiertas con una capa de polidopamina de 10 nm (GNSs@PDA), en tres concentraciones distintas (1.5, 3.0, 5.0 mg) dentro de nanofibras de PCL orientadas al azar","Fabricaron nanofibras compuestas PCL-GNSs@PDA en 3 concentraciones, evaluaron conductividad electrica, area superficial, elasticidad, resistencia a compresion y actividad fototermica, probando ablacion de celulas de cancer oseo (MG-63) bajo irradiacion NIR de baja potencia, y regeneracion en celulas MC3T3-E1.","La integracion de nanoparticulas GNSs@PDA mejoro conductividad electrica, area superficial, elasticidad, resistencia a compresion, propiedades fototermicas, biocompatibilidad y absorcion de proteinas; el scaffold con 5.0 mg mostro la mejor actividad fototermica.",El scaffold PCL-GNSs@PDA (5.0 mg) logro 94% de ablacion de celulas de cancer oseo (MG-63) bajo irradiacion NIR de solo 0.5 W/cm2 durante 5 minutos; analisis por citometria de flujo mostro 60.2% de apoptosis (comparado con 7.5% en PCL puro); tambien mostro alta proliferacion y adhesion celular en celulas oseas sanas (MC3T3-E1) tras 21 dias.,Ejemplo excepcional de PCL con doble funcion contraria pero complementaria: matar celulas cancerosas y regenerar hueso sano al mismo tiempo — extremadamente relevante para Q2 con datos cuantitativos muy solidos.,Q2
W43,Meng et al. - PCL/Graphene vs PCL/Graphene Quantum Dot bone scaffolds comparison (ACS Applied Nano Materials),Polycaprolactone (PCL),"Comparacion directa entre dos aditivos de la familia del grafeno: grafeno (G) convencional vs puntos cuanticos de grafeno (GQD), en distintas concentraciones dentro de PCL","Fabricaron scaffolds de PCL con G y con GQD a distintas concentraciones mediante manufactura aditiva, y evaluaron superficie, propiedades termicas, mecanicas y biologicas de ambos aditivos en paralelo para comparacion directa.","La adicion de ambos materiales (G y GQD) por debajo de 5% en peso mejoro significativamente tanto las propiedades mecanicas como biologicas de los scaffolds de PCL; los GQD mostraron alta solubilidad en agua y citotoxicidad controlable dependiente de dosis, similar al G pero con propiedades biologicas unicas debido a su menor tamano.","Con 3% en peso, los scaffolds PCL/GQD presentaron mejor resistencia a compresion que los PCL/G, manteniendo el mismo nivel de desempeño biologico.","Comparacion directa y sistematica entre dos formas del mismo material (grafeno vs sus puntos cuanticos) dentro de PCL — muy relevante para Q2, revelando que la version 'quantum dot' es ligeramente superior mecanicamente al 3%.",Q2
W46,"Pilli et al., 2025 - CoO/MnO2-doped HA with curcumin for antibacterial bone scaffolds (J Mater Sci Mater Med)",Hydroxyapatite (HA),"Dopaje de HA con oxido de cobalto (CoO) y dioxido de manganeso (MnO2), combinado con curcumina de origen vegetal (turmeric)","Fabricaron HA dopada con CoO y MnO2, la combinaron con curcumina, caracterizaron fase y microestructura, y evaluaron eficacia antibacteriana contra S. aureus, citotoxicidad con la linea celular NIH3T3, y bioactividad a pH fisiologico 7.4.","El dopaje no genero efectos negativos en la fase ni microestructura de la HA; al combinar los dopantes con curcumina, la eficacia antibacteriana contra S. aureus fue de aproximadamente 95% tras 24 horas; los dopantes no generaron citotoxicidad con la linea celular NIH3T3.",Eficacia antibacteriana de ~95% contra S. aureus tras 24 horas con la combinacion de dopantes y curcumina; bioactividad del sistema confirmada a pH fisiologico de 7.4.,"Ejemplo de HA dopada con multiples metales y combinada con un compuesto natural (curcumina) para dar propiedad antibacteriana ausente en la HA pura — relevante para Q2, con cifra clara de eficacia antibacteriana.",Q2
W53,"Zhao et al., 2022 - Mg-1Ca/PCL composite scaffolds for bone tissue engineering (J Magnesium Alloys)",Polycaprolactone (PCL),"Incorporacion de polvo de aleacion Mg-1Ca en distintas proporciones (5%, 10%, 20% en peso) mediante mezclado en fundido, impresos por deposicion fundida (FDM)","Prepararon compuestos Mg-1Ca/PCL con distintas proporciones de aleacion mediante mezclado en fundido, imprimieron scaffolds porosos por FDM, y evaluaron resistencia mecanica, biocompatibilidad, desempeño osteogenico y mecanismo molecular con celulas madre oseas humanas (hBMSCs).","Los compuestos de 5% y 10% en peso mostraron buena biocompatibilidad y promovieron resistencia mecanica, proliferacion, adhesion y diferenciacion osteogenica de hBMSCs, superando al PCL puro; los experimentos de degradacion in vitro revelaron liberacion estable y prolongada de iones Mg2+ que formaron una capa de apatita en la superficie, facilitando adhesion y crecimiento celular.",Tanto los scaffolds de 5% como los de 10% de Mg-1Ca promovieron regeneracion osea significativa en el modelo de defecto oseo (evaluado por microtomografia e histologia); la via de senalizacion Wnt/beta-catenina fue identificada como el mecanismo osteogenico involucrado.,"Otro ejemplo de PCL con un 'punto optimo' claro de concentracion de aditivo metalico (5-10%) antes de perder efectividad — relevante para Q2, con mecanismo molecular identificado (via Wnt/beta-catenina).",Q2
W56,"Wei et al., 2024 - Nano-zinc oxide modified hydroxyapatite whisker for enhanced osteoinductivity (Regenerative Biomaterials)",Hydroxyapatite (HA en forma de whisker),"Modificacion superficial de whiskers de HA con particulas de nano-oxido de zinc (nano-ZnO), que actuan como agente reforzante/tenacificante y reducen el dano mecanico celular","Observaron que los whiskers de HA sin modificar perforaban y penetraban las membranas de osteoblastos, danandolas mecanicamente; desarrollaron whiskers modificados con nano-ZnO, y evaluaron resistencia a compresion, ductilidad, diferenciacion osteogenica y capacidad osteoinductiva en modelos de rata.","Los whiskers modificados con nano-ZnO aumentaron la resistencia a compresion y ductilidad de la matriz; la modificacion superficial mejoro la diferenciacion osteogenica al reducir el dano mecanico celular causado por los whiskers y al liberar iones de zinc, promoviendo osteoinduccion desde dos mecanismos distintos.","El potencial osteoinductivo de los whiskers con 5% y 10% de nano-ZnO se valido en modelos de rata relevantes, demostrando eficacia promoviendo formacion osea nueva in vivo.","Hallazgo importante: un material aparentemente 'bueno' (whisker de HA, buena resistencia mecanica) puede tener un efecto negativo oculto (dano mecanico celular) que otro aditivo (nano-ZnO) corrige — muy relevante para Q1/Q2 como ejemplo de mecanismo dual.",Q1+Q2
W58,"Abd El-Aziz et al., 2023 - Carbon nanofibers reinforced with HA and bioactive glass nanoparticles (Front Bioeng Biotechnol)","Hydroxyapatite (HA) combinada con nanofibras de carbono (CNF), no un polimero convencional",Refuerzo de nanofibras de carbono electrohiladas con nanoparticulas de HA y vidrio bioactivo (BGs) mediante un proceso hidrotermal,"Fabricaron nanofibras de carbono reforzadas con HA y BGs mediante proceso hidrotermal, evaluaron citotoxicidad in vitro con celulas tipo osteoblasto (MG-63), y midieron marcadores biologicos de formacion osea: osteocalcina (OCN), fosfatasa alcalina (ALP), calcio total, proteina total, y fosfatasa acida resistente a tartrato (TRAcP).","Los scaffolds reforzados con HA y BGs demostraron excelente biocompatibilidad in vitro (viabilidad y proliferacion celular), y fueron adecuados para reparar hueso danado al estimular bioactividad y biomarcadores de formacion de celulas oseas.","Los ensayos WST-1, OCN, TRAcP, calcio total, proteina total y actividad de ALP confirmaron biocompatibilidad y bioactividad, sin porcentajes exactos especificados en el resumen disponible.","Ejemplo de HA combinada con un material de carbono avanzado (nanofibras de carbono, no un polimero convencional) — util como contexto ampliado para Q1/Q2 sobre las posibles matrices donde se puede incorporar HA.",Q1
W60,"Cao et al., 2023 - Magnesium-rich calcium phosphate bioceramics from tilapia fish bone (J Funct Biomater)","Hydroxyapatite (HA, derivada de hueso de pescado, no sintetica)","Extraccion mediante tratamiento termico gradual en dos etapas (600-800C para generar FHA, 900-1200C para generar biofasico FBCP) a partir de hueso de tilapia","Extrajeron hidroxiapatita de hueso de tilapia (FHA) y fosfato de calcio bifasico (FBCP) mediante tratamiento termico gradual, caracterizaron composicion quimica y fisicoquimica mediante difraccion de rayos X, y compararon con hidroxiapatita comercial (CHA) en cuanto a degradacion y formacion de apatita tipo hueso.","La FHA y FBCP contuvieron cantidades considerables de magnesio (mas en la FHA); ambas se degradaron mas rapido que la CHA comercial, especialmente la FBCP; ambas demostraron formacion superior de apatita tipo hueso, no toxicidad, y mejor actividad osteoconductiva que la CHA comercial.","Tras un dia de degradacion, la FHA libero 4.38 mg/L de Mg2+ acumulado y la FBCP libero 0.58 mg/L; el contenido de beta-fosfato tricalcico en el FBCP aumento con temperaturas de calcinacion mayores.",Ejemplo excelente de HA de origen natural y sostenible (residuo de pescado) con desempeño superior a la HA comercial en varios aspectos — muy relevante para Q1 como comparador directo de fuentes de HA.,Q1
W61,"Yahay et al., 2023 - Willemite nanoparticle/PCL scaffolds fabricated by 3D printing (J Mech Behav Biomed Mater)",Polycaprolactone (PCL),"Incorporacion de willemita (Zn2SiO4) sintetizada por metodo sol-gel en dos tamanos distintos (nanoparticula vs microparticula) dentro de PCL, mediante impresion 3D por escritura directa de tinta (DIW)","Sintetizaron willemita en polvo micro y nanometrico, fabricaron scaffolds de PCL con 20% en peso de willemita de cada tamano por impresion 3D DIW, y evaluaron resistencia a compresion, modulo elastico, tasa de degradacion, bioactividad y viabilidad/adhesion celular con la linea celular de osteosarcoma humano MG-63.","Los scaffolds con willemita nanoparticulada (NW/PCL), a diferencia de los microparticulados, se incorporaron de forma mas homogenea dentro de las fibras del scaffold (confirmado por SEM/EDS); mostraron mejor formacion de apatita tipo hueso y mayor tasa de degradacion.","Los scaffolds NW/PCL mostraron 33.1% mayor resistencia a compresion y 58.1% mayor modulo elastico que los scaffolds de PCL puro, y modulo elastico 1.14 y 2.45 veces mejor comparado con los microparticulados y PCL puro respectivamente; degradacion aumento hasta 2.17% al reducir el tamano de particula de willemita a 50 nm.","Ejemplo muy claro de que el tamano de particula (nano vs micro) del mismo aditivo hace una diferencia significativa — muy relevante para Q2, con cifras cuantitativas detalladas y comparacion directa.",Q2
W63,"Zhang et al., 2023 - Chitosan complexed nanoparticles for antibacterial ciprofloxacin and BMP-2 release (Int J Biol Macromol)",Chitosan (usado para formar ambos tipos de nanoparticulas),"Formacion de dos tipos de nanoparticulas de quitosano complejadas: una con ciprofloxacino (antibiotico) y otra con BMP-2 (factor de crecimiento), esta ultima con liberacion programable mediante capas de recubrimiento de quitosano","Prepararon las dos nanoparticulas por separado, las combinaron con nanofibras de quitosano para formar un scaffold funcional, y evaluaron eficiencia de disolucion del antibiotico, tiempos de liberacion programada del BMP-2, y capacidad de promover diferenciacion osteogenica de celulas madre mesenquimales.","Las nanoparticulas complejadas con ciprofloxacino mejoraron su eficiencia de disolucion, logrando un efecto antibacteriano potente; el numero de capas de recubrimiento de quitosano permitio programar el tiempo de liberacion del BMP-2 (80h, 100h o 180h); la estructura nanofibrosa microscopica del scaffold (27.28 m2/g de area superficial especifica) promovio adhesion celular y facilito carga/liberacion de farmacos.","Liberacion acumulada de ciprofloxacino alcanzo 95% en 7 horas; el scaffold multifuncional mostro efecto antibacteriano evidente en la etapa inicial de implantacion, y luego libero BMP-2 para promover diferenciacion osteogenica una vez terminado el efecto antibacteriano.","Excelente ejemplo de chitosan usado para dos tipos de nanoparticulas con liberacion secuencial programada en el tiempo (primero antibiotico, despues factor de crecimiento) — muy relevante para Q2, con timing preciso de liberacion.",Q2
W64,"Pudelko-Prazuch et al., 2024 - PLA/PEG/PCL/TCP porous polymer scaffolds for bone regeneration (J Funct Biomater)","Polycaprolactone (PCL), usado en combinacion con PLA y PEG (no como material unico)","Combinacion de PLA, PEG (600 o 2000 Da) y PCL en distintas proporciones, funcionalizados con particulas de fosfato tricalcico (TCP), fabricados por fundicion en gel combinada con calentamiento rapido","Fabricaron scaffolds compuestos con distintas combinaciones de PLA/PEG/PCL/TCP, con tamanos de poro entre 100-1500 micrometros, caracterizaron composicion, propiedades termicas e hidrofilicidad, y evaluaron citotoxicidad indirecta en fibroblastos L929 y adhesion/crecimiento con celulas MG-63.","La adicion de PCL a PLA aumento la hidrofobicidad y redujo la susceptibilidad a degradacion, mientras que la adicion de PEG aumento la hidrofilicidad y las tasas de degradacion, pero tambien aumento la formacion de depositos minerales redondeados; los scaffolds no fueron citotoxicos y soportaron adhesion y crecimiento celular.","Rango de tamano de poro obtenido: 100-1500 micrometros, dependiendo de la formulacion especifica de PLA/PEG/PCL/TCP.","Ejemplo de PCL usado como modificador de propiedades (hidrofobicidad, degradacion) al combinarse con otros polimeros y TCP — relevante para Q2 mostrando el efecto opuesto y complementario del PEG en la misma formulacion.",Q2
W65,"Alizadeh & Mahmoodi, 2025 - PCL/Chitosan-hPRF nanofiber scaffold for bone tissue engineering (Progress in Biomaterials)",Polycaprolactone (PCL) + Chitosan,"Incorporacion de nanoparticulas de quitosano cargadas con plasma rico en fibrina homogeneizado (hPRF, un concentrado de factores de crecimiento derivado de sangre) dentro de nanofibras de PCL","Fabricaron el scaffold PCL/CH-hPRF por electrospinning, evaluaron angulo de contacto, propiedades mecanicas, degradacion, bioactividad in vitro, biocompatibilidad con celulas MG-63, diferenciacion osteogenica de celulas madre mesenquimales humanas, y potencial angiogenico mediante ensayo de membrana corioalantoidea (CAM) en huevo.",La incorporacion de nanoparticulas de quitosano-hPRF redujo el diametro promedio de fibra de 230 nm a 189 nm; el scaffold mostro mayor tasa de degradacion relacionada con mejor infiltracion de fluido debido a mayor porosidad y menor angulo de contacto; se logro liberacion gradual y prolongada del hPRF.,El modulo elastico del scaffold PCL/CH-hPRF (45.35 MPa) fue significativamente mayor que el de PCL solo (35.53 MPa); liberacion de hPRF alcanzo 31.25% tras 14 dias; el ensayo CAM revelo formacion de vasos sanguineos aproximadamente 3 veces mayor comparado con el scaffold de CH-hPRF sin PCL.,"Excelente ejemplo de PCL y chitosan combinados con un derivado sanguineo natural del paciente (hPRF) para promover angiogenesis — muy relevante para Q1/Q2, con datos cuantitativos completos y ensayo de angiogenesis especifico (CAM).",Q1+Q2
W67,"Govindaraju et al., 2026 - Hierarchical bFGF-loaded gelatin/PCL/heparin yarn scaffold for tendon TE (Biomater Adv)",Polycaprolactone (PCL),Microfibras torcidas de gelatina/PCL/heparina formando un hilo (yarn); la heparina permite unir el factor de crecimiento bFGF; combinado con un tubo de criogel de gelatina/acido hialuronico para prevenir adhesion postoperatoria,"Fabricaron el hilo de microfibras GPHY con bFGF unido via heparina, lo combinaron con el tubo de criogel (GHCT), y evaluaron interaccion con tenocitos de conejo in vitro bajo carga tensil ciclica uniaxial dinamica en biorreactor, ademas de un modelo de defecto de tendon de Aquiles en conejo.",La estimulacion mecanica dinamica mejoro significativamente las tasas de proliferacion de tenocitos y ayudo a mantener su fenotipo tenogenico (propio de tendon); las construcciones celula/scaffold cultivadas dinamicamente tambien mostraron propiedades mecanicas mejoradas comparado con cultivo estatico.,"En el modelo de defecto de tendon de Aquiles en conejo, las construcciones cultivadas dinamicamente mostraron capacidad impresionante de regenerar tejido de tendon, con propiedades histologicas comparables a las de tendones nativos.","Ejemplo de PCL en forma de hilo jerarquico (no scaffold poroso plano) combinado con factor de crecimiento y cultivo dinamico — similar en concepto al paper de cultivo dinamico ya leido (P47), pero aplicado a tendon en vez de hueso.",Q2
W68,"Peng et al., 2025 - Hierarchically functionalized PCL/CS with PDA-mediated antioxidant therapy for spinal cord injury (J Biomater Sci Polym Ed)",Polycaprolactone (PCL) + Chitosan,Recubrimiento con polidopamina (PDA) cargada con factor de crecimiento nervioso (NGF) sobre un scaffold compuesto de PCL/quitosano fabricado por liofilizacion,"Fabricaron el scaffold compuesto PCL/CS con recubrimiento de PDA-NGF por liofilizacion, evaluaron capacidad de eliminar radicales libres, internalizacion celular por citometria de flujo, y diferenciacion neuronal de celulas PC12 mediante medicion de longitud de neuritas y expresion de proteina asociada a microtubulos 2 (MAP2).",El recubrimiento de PDA mostro potente capacidad de eliminacion de radicales libres; el scaffold redujo eficazmente los niveles de especies reactivas de oxigeno (ROS) intracelulares en condiciones de estres oxidativo; la internalizacion celular fue rapida.,"Tasas de eliminacion de radicales de 90.65%, 77.53% y 60.77% para DPPH, H2O2 y radicales OH respectivamente; el grupo FITC-PC-5-PDA mostro 99.87% de tasa FITC+ en 12 horas; el NGF liberado indujo aumento de 58.1% en longitud de neurita (de 104.77 a 165.66 micrometros entre dia 3 y dia 4).","Excelente ejemplo de PCL+Chitosan con doble funcion (antioxidante + regenerador nervioso), con datos cuantitativos muy completos — muy relevante para Q1/Q2.",Q1+Q2
W69,"Yao et al., 2022 - VEGF-mimetic peptide functionalized PCL fibrous scaffolds for angiogenesis (Bioactive Materials)",Polycaprolactone (PCL),"Conjugacion de un peptido mimetico de VEGF sobre la superficie de fibras de PCL usando quimica tiol-eno activada por luz, con distintas cantidades de un polimero funcional PCL-diacrilato (PCL-DA)","Fabricaron fibras de PCL con 30% de PCL-DA (concentracion elegida por su morfologia homogenea), conjugaron el peptido mimetico de VEGF mediante reaccion tiol-eno iniciada por luz, y evaluaron propiedades mecanicas, humectabilidad, y efectos sobre celulas endoteliales de vena umbilical humana (HUVECs) ademas de un ensayo de membrana corioalantoidea de pollo (CAM).",La resistencia a traccion y el modulo elastico de las fibras de PCL-DA al 30% aumentaron significativamente tras la reaccion de conjugacion; la conjugacion con el peptido VEGF aumento la humectabilidad superficial (mas hidrofilico) de los scaffolds.,"Los estudios in vitro indicaron que los scaffolds funcionalizados con el peptido VEGF fueron capaces de inducir fosforilacion del receptor de VEGF y mejoraron significativamente supervivencia, proliferacion y adhesion de HUVECs; el ensayo CAM confirmo que promovieron angiogenesis in vivo.","Ejemplo tecnico avanzado de conjugacion quimica precisa (tiol-eno) de un peptido bioactivo sobre PCL, con confirmacion funcional completa (activacion de receptor + angiogenesis in vivo) — muy relevante para Q2.",Q2
W71,"Dalgic et al., 2023 - PHBV/PCL electrospun scaffold with diatom frustules for melatonin controlled release (Eur Polym J)","Polycaprolactone (PCL), combinado con PHBV (poli-hidroxibutirato-co-hidroxivalerato)","Incorporacion de frustulas de diatomeas cargadas con melatonina dentro de fibras de la mezcla polimerica PHBV/PCL, mediante electrospinning humedo","Fabricaron scaffolds fibrosos de PHBV/PCL con frustulas de diatomea cargadas con melatonina mediante electrospinning humedo, y evaluaron actividad de fosfatasa alcalina (ALP) de celulas Saos-2 con distintas concentraciones de melatonina, con y sin frustulas.","Las frustulas de diatomea dentro de la matriz de fibra 3D quedaron cubiertas con una capa polimerica que redujo la liberacion de melatonina a menos de la mitad durante 7 dias, logrando una liberacion controlada exitosa; la melatonina tuvo un efecto dependiente de concentracion sobre la actividad de ALP de las celulas.","Los scaffolds con frustulas cargadas de melatonina mejoraron significativamente la actividad de ALP de celulas Saos-2 comparado con otros grupos, sin cifras porcentuales exactas especificadas en el resumen disponible.","Ejemplo muy singular de PCL combinado con un material biologico poco comun (frustulas de diatomea, esqueletos de silice de algas) como sistema de liberacion controlada — relevante para Q2 como estrategia de encapsulacion innovadora.",Q2
