Study_ID,Material,Strategy,Tissue_Application,Outcome_Summary,Evidence_Type,Tissue_Application_Secondary,Experimental_Model,In_vivo,CAM
P02,Hydroxyapatite (HA/HAP),Combinacion con alginato de sodio (ALG) formando fibras huecas mediante reticulacion con iones de calcio; ajuste de la proporcion HAP/ALG y del patron de las fibras,bone,Ejemplo de HA combinada con alginato (no chitosan/PCL) enfocado en imitar la microarquitectura del hueso (no solo la composicion quimica) — relevante para Q1 (biocompatibilidad/angiogenesis de HA) y Q,quantitative value reported,,In vivo,Yes,No
P04,Hydroxyapatite (nano-HA),Incorporacion de nHAp en GelMA + adicion de un modificador reologico (carbomero) para resolver el problema de que el calcio liberado por la HA interfiere con la gelificacion del GelMA,bone,Ejemplo tecnico importante de un problema comun (HA interfiere con gelificacion de hidrogeles) y su solucion (aditivo reologico) — muy relevante para Q2 como estrategia de formulacion.,explicit comparison (no exact value),,In vitro only,No,No
P05,Polycaprolactone (PCL),"Combinacion con PVA (polivinil alcohol) en tres configuraciones: monocapa de PCL, tricapa secuencial (PVA/PCL/PVA), y core-shell (PVA como cubierta, PCL como nucleo)",general/not specified,"Comparacion directa entre 3 configuraciones distintas del mismo material base (PCL+PVA) — muy util para Q1/Q2 porque aisla el efecto de la arquitectura de fibra, no solo la composicion quimica.",explicit comparison (no exact value),,In vitro only,No,No
P06,"Polycaprolactone (PCL) + Hydroxyapatite (HA, extraida naturalmente)","Diseno de dos regiones distintas: zona central con HA natural (para regeneracion osea) y zona periferica con nanoparticulas magneticas de oxido de hierro sobre oxido de grafeno (GO@SPION, para propiedades magneticas y neurogenesis)",bone,"Ejemplo unico de PCL+HA disenado con dos funciones distintas en zonas separadas del mismo scaffold (bone + nerve) — relevante para Q1 y Q2, mostrando que el diseno espacial tambien es una estrategia.",explicit comparison (no exact value),nerve/neural,In vitro only,No,No
P07,"Chitosan + Hydroxyapatite (HAp) + Fluorapatite (FAp, ceramico relacionado)","Variacion de volumenes de acido acetico y proporciones de HAp/FAp mezclados con quitosano, reticulados con luz UV",bone,Ejemplo directo de chitosan combinado con dos tipos de ceramica de fosfato de calcio (no solo HA) — util para Q1/Q2 como comparacion de distintas ceramicas dentro de la misma matriz de quitosano.,explicit comparison (no exact value),,In vitro only,No,No
P08,Chitosan (combinado con PEGDA),"Incorporacion de nanotubos de carbono ordenados y nanoparticulas de Fe3O4, alineadas mediante un campo magnetico externo durante el entrecruzamiento termico",general/not specified,"Estrategia de modificacion poco convencional (alineacion magnetica de nanoparticulas dentro de una matriz de chitosano) — relevante para Q2 por ser una via fisica, no solo quimica, de mejorar el scaff",explicit comparison (no exact value),,In vitro only,No,No
P10,Polycaprolactone (PCL),"Nanofibras alineadas de PCL cargadas con fosforo negro (BP) y factor de crecimiento VEGF, ademas de un hidrogel termosensible (pNIPAM) para liberacion controlada por luz infrarroja",skin/wound,Ejemplo de PCL en fibras orientadas (no scaffold poroso random) combinado con un sistema de liberacion activado por luz — relevante para Q2 como estrategia de liberacion controlada estimulo-respuesta.,explicit comparison (no exact value),,In vivo,Yes,No
P11,"Chitosan (en forma de nanoparticulas, no como matriz principal — la matriz base es PLA)","Nanoparticulas de quitosano cargadas con bFGF, incorporadas dentro de fibras porosas de PLA mediante electrospinning",skin/wound,"Buen ejemplo de chitosan usado como sistema de nanoparticulas de liberacion (no como matriz), combinado con PLA — relevante para Q2 como estrategia de encapsulacion de factor de crecimiento.",quantitative value reported,,In vivo,Yes,No
P12,"Chitosan (en la capa interna, combinado con TPU)","Diseno bicapa: capa externa de poliuretano termoplastico (TPU) hidrofobica (impermeable) + capa interna de TPU/quitosano con nanoparticulas de ZnO (hidrofilica, bioactiva)",skin/wound,"Ejemplo de diseno bicapa (funcion dual: proteccion + bioactividad) usando chitosan solo en la capa activa — muy relevante para Q2, con datos cuantitativos completos.",quantitative value reported,,In vivo,Yes,No
P14,Polycaprolactone (PCL),"Combinacion de esteras nanofibrosas de PCL con un hidrogel de dextrano oxidado/carboximetil quitosano, cargado con dos peptidos: uno para reclutar celulas madre (BMHP) y otro para promover vascularizacion (VP, mimetico de VEGF)",bladder,Ejemplo de PCL combinado con chitosan (via CMC en el hidrogel) para retener peptidos bioactivos por mas tiempo — relevante para Q1 (PCL como reforzante mecanico e hidrofobico) y Q2 (estrategia de dobl,explicit comparison (no exact value),,In vivo,Yes,No
P15,Polycaprolactone (PCL) + Hydroxyapatite (HA),Estructura tipo sandwich con peroxido de calcio (fuente de liberacion de oxigeno) combinado con PCL y HA,bone,Ejemplo de PCL+HA con una tercera funcion anadida (liberacion de oxigeno) para resolver un problema especifico (hipoxia) — muy relevante para Q2 como estrategia innovadora sin necesidad de celulas ni ,explicit comparison (no exact value),,In vivo,Yes,No
P16,Chitosan (en forma de nanoparticulas),"Nanoparticulas de quitosano cargadas con fisetina (antiinflamatorio) y kartogenina (condroprotector), incorporadas en un hidrogel de acido hialuronico oxidado y reticulado",cartilage,Ejemplo de chitosan usado como sistema de doble carga de farmacos (no como matriz de scaffold poroso) — relevante para Q2 como estrategia de combinacion de dos agentes bioactivos distintos.,explicit comparison (no exact value),,In vitro only,No,No
P17,Chitosan (combinado con colageno),Incorporacion de nanoplata (NAg) en un scaffold hibrido de colageno-quitosano,skin/wound,"Ejemplo importante de chitosan combinado con colageno y nanoplata, enfocado especificamente en el problema de rechazo inmunologico del implante (no solo en biocompatibilidad basica) — relevante para Q",explicit comparison (no exact value),,In vivo,Yes,No
P18,"Chitosan (carboximetilado, CMCS) + Hydroxyapatite (nano-HA)","Scaffold 3D impreso de PLA macroporoso tratado con polidopamina, relleno con hidrogel compuesto de alginato de sodio/nano-hidroxiapatita/carboximetil quitosano (SA/nHA/CMCS)",bone,Excelente ejemplo de HA combinada con chitosan carboximetilado dentro de un diseno de microestructura multi-nivel — muy relevante para Q2 con datos cuantitativos claros de mejora respecto al control.,explicit comparison (no exact value),,In vivo,Yes,No
P21,Chitosan (matriz principal),"Combinacion con fibras de fibroina de seda + microesferas de alginato de estroncio (CS/SF@SrAlg), fabricadas mediante electrospray microfluidico y tecnicas de fragmentacion-recombinacion de fibras",bone,Ejemplo muy completo de chitosan combinado con dos componentes adicionales (fibroina de seda + microesferas de estroncio) con mecanismo molecular identificado — muy relevante para Q1 y Q2.,quantitative value reported,,In vivo,Yes,No
P22,Polycaprolactone (PCL) usado como base del poliuretano (no como scaffold poroso tradicional),Manipulacion del grado de reticulacion mediante introduccion de policarbonato alifatico amorfo y trimetilolpropano trifuncional en la estructura del poliuretano,nerve/neural,"Ejemplo de PCL usado como componente estructural de un poliuretano adaptable mecanicamente (no como scaffold poroso), aplicado a regeneracion nerviosa — relevante para Q2 como estrategia de ajuste de ",explicit comparison (no exact value),,In vivo,Yes,No
P26,Polycaprolactone (PCL),"Sintesis de macromeros de PCL metacrilados de distintos pesos moleculares, formando estructuras porosas templadas por emulsion (polyHIPE)",general/not specified,"Ejemplo de PCL en formato altamente poroso (polyHIPE) con degradacion rapida y controlada, relevante para Q2 como estrategia de diseno de porosidad mediante templado por emulsion.",explicit comparison (no exact value),,In vitro only,No,No
P27,Polycaprolactone (PCL) + Hydroxyapatite (nanohidroxiapatita),Modificacion superficial por aminolisis (con hexametilendiamina) seguida de recubrimiento de gelatina reticulada con EDC/NHS,bone,Ejemplo muy completo y cuantificado de PCL+HA con una estrategia de dos pasos (modificacion superficial + recubrimiento bioactivo) — extremadamente util para Q2.,quantitative value reported,,In vivo,Yes,No
P28,Chitosan (matriz principal),"Incorporacion de nanoparticulas de ZnO en distintas concentraciones dentro de la matriz de quitosano, fabricado por liofilizacion",bone,"Excelente ejemplo de chitosan con nanoparticulas de ZnO, con un 'punto optimo' claro de concentracion (3 wt%) — muy relevante para Q2, con respaldo tanto in vitro como in vivo.",quantitative value reported,,In vivo,Yes,No
P30,"Chitosan (peliculas, no scaffold poroso)","Metalacion con titanio mediante tres tecnicas distintas: fase vapor (VPM), infiltracion de vapor pulsada multiplicada (MPI), y deposicion de capas atomicas mejorada por plasma con oxigeno (PEALD)",general/not specified,Ejemplo tecnico avanzado de modificacion superficial de chitosan con titanio mediante distintas tecnicas de deposicion — relevante para Q2 como comparacion directa de tres metodos de fabricacion sobre,explicit comparison (no exact value),,In vitro only,No,No
P33,Polycaprolactone (PCL),Fibras core-shell coaxiales de PCL-PVDF (con y sin HA incorporada en el shell) fabricadas por electrospinning coaxial,bone,"Ejemplo avanzado de PCL en fibra core-shell combinado con un segundo polimero piezoelectrico (PVDF), demostrando que agregar HA en este caso especifico reduce la piezoelectricidad — dato interesante y",explicit comparison (no exact value),,In vitro only,No,No
P34,Hydroxyapatite (HA),"Incorporacion de nanoparticulas de CuO y ZnO ancladas sobre HA, sintetizadas por via hidrotermal con acido citrico",general/not specified,"Excelente ejemplo de HA modificada con dos aditivos distintos (CuO vs ZnO) comparados directamente en el mismo estudio, con datos cuantitativos claros y contundentes que favorecen a CuO — muy relevant",quantitative value reported,,In vitro only,No,No
P35,Chitosan (carboximetil quitosano),Nanofibras core-shell cargadas con glucosamina sulfato como agente bioactivo encapsulado,cartilage,"Ejemplo de estrategia libre de celulas/factores de crecimiento (evita riesgos de contaminacion y costos), relevante para Q2 (estrategia de modificacion = carga de farmaco).",explicit comparison (no exact value),,In vivo,Yes,No
P37,Polycaprolactone (PCL),"Incorporacion de nanoparticulas de oxido de bismuto (Bi2O3) como aditivo radiopaco (no es una modificacion biologica, sino de imagenologia)",cartilage,"Este paper no busca mejorar biocompatibilidad per se, sino anadir una funcionalidad de monitoreo (imagenologia) sin perjudicar la citocompatibilidad de PCL — relevante como ejemplo de aditivo funciona",explicit comparison (no exact value),,In vivo,Yes,No
P39,"Chitosan + PCL (indirecto, via PLA/PEG en la matriz base)",Recubrimiento con nanofibras de quitosano-PEG cargadas con vancomicina e IGF-1 (carga de farmaco + factor de crecimiento),bone,"Buen ejemplo de doble funcionalizacion (antibacteriano + osteogenico) via chitosan como recubrimiento, relevante para Q2.",quantitative value reported,,In vivo,Yes,No
P40,Polycaprolactone (PCL),Recubrimiento con quitosano metacrilato (chiMA) cargado con enzima (glucosa oxidasa) encapsulada en marcos metal-organicos (MOF),bone,"Aporta evidencia de PCL como base combinada con quitosano metacrilato para tratar el contexto especifico de hueso diabetico, relevante para Q2.",explicit comparison (no exact value),,In vitro only,No,No
P44,Polycaprolactone (PCL) + Hydroxyapatite (nHA),Incorporacion de acido retinoico (agente bioquimico) + nanoparticulas de hidroxiapatita,nerve/neural,"Aplicacion poco comun de PCL+HA fuera del hueso (nervio), util para contrastar resultados de biocompatibilidad segun el tejido objetivo. Relevante para Q1 y Q2.",quantitative value reported,,In vitro only,No,No
P46,Polycaprolactone (PCL),Refuerzo con nanolaminas de grafeno como relleno funcional + combinacion de dos tecnicas de fabricacion (multi-escala),general/not specified,Muestra que combinar tecnicas de fabricacion (no solo cambiar el material) puede mejorar el desempeño — relevante para Q2 como estrategia de diseno estructural + refuerzo con grafeno.,quantitative value reported,,In vitro only,No,No
P47,Polycaprolactone (PCL),"Combinacion con GelMA (hidrogel) + celulas encapsuladas + sistema de cultivo dinamico (no es una modificacion quimica del material, sino del proceso de cultivo)",bone,"Relevante para Q1 (biocompatibilidad de PCL con celulas) y Q2 (estrategia = combinacion con hidrogel + celulas), ademas de mostrar la importancia del metodo de cultivo, no solo del material.",explicit comparison (no exact value),,In vivo,Yes,No
P49,Polycaprolactone (PCL),Incorporacion de particulas de silicato de calcio-magnesio mesoporoso ordenado (om-CMS) en distintas proporciones,bone,"Otro ejemplo de 'dosis optima' de un aditivo mineral (om-CMS) en PCL/gelatina, relevante para Q2.",quantitative value reported,,In vitro only,No,No
P51,Chitosan,Incorporacion de nanoparticulas de vidrio bioactivo dopado con cerio y plata + carga de farmaco fotosensibilizador (azul de metileno),general/not specified,"Ejemplo de chitosan combinado con terapia fotodinamica (uso poco comun), relevante para Q2 por la estrategia de carga de farmaco fotosensibilizador.",quantitative value reported,,In vitro only,No,No
P52,"Hydroxyapatite (derivada de dientes naturales, no sintetica)",Refuerzo con grafeno + diseno estructural de porosidad gradiente (Gyroid) mediante impresion 3D,general/not specified,"Fuente alternativa y sostenible de hidroxiapatita (reciclaje de dientes), con enfoque en diseno estructural mas que en modificacion quimica — relevante para Q1 (biocompatibilidad de HA) y Q2 (refuerzo",quantitative value reported,,In vitro only,No,No
P53,Polycaprolactone (PCL) combinado con PLGA en fibras core-shell,Fibras core-shell cargadas con peptido P2 (angiogenico) + hidrogel con farmaco antiinflamatorio (celecoxib),skin/wound,"Buen ejemplo de PCL en fibras core-shell combinado con un hidrogel funcional (no chitosan/HA en este caso), relevante para Q2 como estrategia de liberacion sostenida de peptido.",quantitative value reported,,In vivo,Yes,No
P54,"Chitosan (en la membrana de nanofibras, combinada con oxido de polietileno)","Marco de soporte impreso en 3D con resina biocompatible curable por UV, aplicado directamente sobre la membrana de nanofibras (no es una modificacion quimica del chitosan en si)",general/not specified,Aporta una solucion de ingenieria (no de composicion quimica) para el manejo practico de membranas de chitosan fragiles — relevante para Q1 como confirmacion de biocompatibilidad de chitosan-PEO.,quantitative value reported,,In vitro only,No,No
P55,"Polycaprolactone (PCL) usado como componente estructural (segmento blando) del poliuretano, no como scaffold poroso tradicional",Uso de curcumina como extensor de cadena (agente bioactivo incorporado en la sintesis quimica del polimero),general/not specified,Ejemplo de PCL usado no como scaffold poroso sino como componente estructural de un polimero funcional (poliuretano) — util para Q2 como estrategia de modificacion quimica mediante incorporacion de un,quantitative value reported,,In vitro only,No,No
P57,Hydroxyapatite (HA) combinada con PLA como matriz principal,"Variacion sistematica del porcentaje de HA (10%, 20%, 30%, 40%) mezclado con PLA mediante extrusion",bone,Ejemplo muy claro y cuantificable de 'punto optimo' de concentracion de HA (10-20%) antes de que el material empeore — extremadamente util para Q2 (relacion dosis-respuesta de la estrategia de modific,explicit comparison (no exact value),,In vitro only,No,No
P60,Polycaprolactone (PCL) + Chitosan,Incorporacion de puntos cuanticos de grafeno (GQDs) como aditivo conductor,nerve/neural,"Excelente ejemplo de chitosan+PCL combinados con un aditivo conductor (GQDs), con un 'punto optimo' claro (0.5-2 wt%) antes de volverse toxico. Muy relevante para Q2.",quantitative value reported,,In vitro only,No,No
P61,Polycaprolactone (PCL),"Incorporacion de ceramicas piezoelectricas (DPC y CPC, a base de bismuto-sodio-titanio) como aditivo funcional",bone,"Muestra una alternativa a la hidroxiapatita para mejorar propiedades biologicas, dando un punto de comparacion directo (PCL/HA vs PCL/piezoceramica) muy util para Q1 y Q2.",quantitative value reported,,In vitro only,No,No
P62,Polycaprolactone (PCL) + Hydroxyapatite (HA),"Uso de bioink de PCL disuelto (dPCL) combinado con HA, impreso dentro de un medio de soporte (impresion suspendida)",bone,Aporta evidencia de que la combinacion PCL+HA no solo mejora biocompatibilidad sino tambien la manufacturabilidad de formas complejas — relevante para Q1 (biocompatibilidad superior a PCL/dPCL solos) ,quantitative value reported,,In vitro only,No,No
P63,"Hydroxyapatite (derivada de conchas de berberecho, no sintetica)",Combinacion de queratina (proteina estructural) con gelatina e hidroxiapatita natural,general/not specified,"Ejemplo de fuente sostenible y no convencional de HA (residuo de concha marina) combinada con otra proteina estructural (queratina, de residuo de una humana) — relevante para Q1 (comparacion directa K",explicit comparison (no exact value),,In vitro only,No,No
P65,Hydroxyapatite (HA) combinada con PLA como matriz principal,Incorporacion de HA y vidrio bioactivo de borato (BBG) en distintas proporciones dentro de la matriz de PLA,bone,"Comparacion directa y clara entre PLA solo, PLA+HA y PLA+BBG en el mismo estudio — muy util para Q1 (jerarquia de biocompatibilidad) y Q2 (aditivo HA vs aditivo alternativo BBG).",explicit comparison (no exact value),,In vitro only,No,No
P66,Hydroxyapatite (nano-HA),"Carga de factor de crecimiento (BMP7, proteina morfogenetica osea 7) + doble entrecruzamiento quimico del hidrogel",bone,"Ejemplo claro de HA combinada con un factor de crecimiento especifico (BMP7), con comparacion directa entre grupos (control vs BMP7 vs HGO vs BHGO) — muy relevante para Q2.",quantitative value reported,,In vivo,Yes,No
W03,Hydroxyapatite (nano-HA),"Uso de nanocristales de celulosa modificados por alquilacion asistida por ultrasonido como dispersante para sintetizar la nano-HA, luego combinada con PVA mediante metodo de plantilla de hielo",general/not specified,Otro ejemplo de 'dosis optima' de HA modificada (9 wt%) dentro de una matriz polimerica — relevante para Q1/Q2 por su dato cuantitativo claro.,quantitative value reported,,In vitro only,No,No
W05,Polycaprolactone (PCL),"Optimizacion de parametros de fabricacion (concentracion de solucion, humedad, conductividad) usando diseno experimental Taguchi, combinando PCL con gelatina",general/not specified,"Aporta un avance tecnico importante (pasar de mallas 2D a esponjas 3D reales) para PCL, relevante para Q2 como estrategia de optimizacion de parametros de fabricacion (no de composicion quimica).",quantitative value reported,,In vitro only,No,No
W07,Hydroxyapatite (en forma de whisker/bigote cristalino),Incorporacion de iones de magnesio (Mg) y estroncio (Sr) en la estructura de whiskers de hidroxiapatita,bone,Ejemplo de HA en forma cristalina especifica (whisker) modificada con iones traza — relevante para Q2 como estrategia de dopaje ionico.,explicit comparison (no exact value),,In vitro only,No,No
W08,Polycaprolactone (PCL),"Tratamiento superficial post-fabricacion con distintas concentraciones de baghdadita (1%, 5%, 10%) sobre scaffolds ya impresos",bone,Ejemplo de PCL con un tratamiento superficial economico y efectivo (baghdadita) — relevante para Q2 como estrategia de bajo costo para mejorar osteoconductividad.,explicit comparison (no exact value),,In vitro only,No,No
W09,Polycaprolactone (PCL),Incorporacion de particulas magneticas (magnetita) de tamano micrometrico en distintas proporciones dentro del PCL,general/not specified,"Aplicacion muy innovadora de PCL (no busca biocompatibilidad basica, sino funcionar como 'estacion magnetica' para atraer farmacos) — relevante para Q2 como estrategia funcional avanzada.",quantitative value reported,,In vivo,Yes,No
W12,Hydroxyapatite (nano-HA),"Combinacion con gelatina en distintas proporciones de nHAP, usando extrusion direccional en un molde metalico para crear poros ordenados",bone,Ejemplo de HA con diseno de poro ordenado calibrado especificamente para coincidir con el tamano de poro del hueso humano real — relevante para Q1/Q2 por el enfoque en geometria precisa.,explicit comparison (no exact value),,In vitro only,No,No
W14,Polycaprolactone (PCL),"Incorporacion de elastina (proteina natural) en fibras de PCL, con diseno bicapa orientado imitando la disposicion celular de vasos sanguineos nativos",vascular,"Ejemplo de PCL combinado con una proteina estructural especializada (elastina, no HA ni chitosan) para una aplicacion vascular especifica — util como contexto de Q2, mostrando otros tipos de agentes b",explicit comparison (no exact value),,In vitro only,No,No
W17,"Chitosan (combinado con polihidroxibutirato, PHB)","Fibras core-shell: nucleo de PHB-Chitosan + nanotubos de haloisita, cubierta de Chitosan + distintas concentraciones de ECM de cartilago descelularizada (0%, 1%, 3%, 5%)",cartilage,"Ejemplo de chitosan combinado con PHB y ECM descelularizada, con un 'punto optimo' claro de concentracion de ECM (1%) — muy relevante para Q2, con marcadores geneticos especificos.",quantitative value reported,,In vitro only,No,No
W18,Chitosan,"Regulacion del contenido de agua del gel de quitosano mediante 3 estados: hidrogel (93.57% agua), xerogel deshidratado (2.84% agua), y gel humedo rehidratado (56.06% agua)",general/not specified,Ejemplo muy elegante de chitosan modificado SIN aditivos quimicos (solo controlando agua) para lograr propiedades ajustables — relevante para Q2 como estrategia de bajo costo y sin agentes reticulante,explicit comparison (no exact value),,In vivo,Yes,No
W20,Hydroxyapatite (nano-HA),"Combinacion de PLA con nano-hidroxiapatita (nHAp) y membrana amniotica humana acelular (HAAM, rica en colageno y mucopolisacaridos, sin inmunogenicidad)",bone,"Ejemplo interesante de HA combinada con un tejido natural humano descelularizado (no solo con polimeros sinteticos) — relevante para Q1/Q2, con datos cuantitativos completos de degradacion y adhesion.",quantitative value reported,,In vitro only,No,No
W21,Polycaprolactone (PCL),"Recristalizacion superficial (proceso fisico, no quimico) de scaffolds de PCL fabricados por melt electrowriting (MEW)",bone,"Ejemplo de modificacion puramente fisica/estructural del PCL (recristalizacion, sin anadir ningun otro material) — relevante para Q2 como estrategia de bajo costo que no requiere aditivos.",explicit comparison (no exact value),,In vitro only,No,No
W22,Polycaprolactone (PCL) + Chitosan,"Funcionalizacion de microfibras de PCL con grupos amina, luego union quimica de cadenas de quitosano mediante un agente acoplante aldehido (reaccion de base de Schiff); las fibras modificadas se moldean con soluciones de quitosano de distinta concentracion como aglutinante, estabilizadas por reticulacion ionica",general/not specified,"Ejemplo excelente y muy cuantificado de PCL y chitosan combinados quimicamente (no solo mezclados), con datos claros de mejora mecanica proporcional a la concentracion — muy relevante para Q1 y Q2.",quantitative value reported,,In vitro only,No,No
W25,"Polycaprolactone (PCL) usado como micro-malla estructural, combinado con MXene (material 2D conductor, no HA ni chitosan)","Funcionalizacion de micro-mallas de PCL (fabricadas por melt electrowriting con distinto espaciado de fibra) con nanolaminas de MXene (Ti3C2Tx) para dar conductividad electrica, embebidas en una matriz de acido hialuronico neurotrofica",nerve/neural,Ejemplo de PCL usado como andamio estructural para un material funcional avanzado (MXene) en regeneracion nerviosa (no osea) — util como contexto de Q1/Q2 mostrando otra aplicacion de PCL.,explicit comparison (no exact value),,In vitro only,No,No
W26,Chitosan (combinado con alginato),"Incorporacion de caolin (nanoarcilla de aluminosilicato) en distintas concentraciones dentro de la bioink de alginato-quitosano, usando un extrusor especial tipo 'pluma' para mezcla homogenea",bone,"Ejemplo de chitosan combinado con una arcilla natural (caolin) como estrategia de refuerzo sin quimicos toxicos, en bioimpresion de gran area — relevante para Q2 como estrategia de bioimpresion avanza",explicit comparison (no exact value),,In vitro only,No,No
W28,Hydroxyapatite (HA),"Incorporacion de polvo de hueso de aceituna (OPP, residuo agricola sostenible) junto con HA en distintas proporciones dentro de una matriz de PVA",bone,"Ejemplo de HA combinada con un residuo agricola sostenible (polvo de hueso de aceituna) como relleno alternativo — relevante para Q2, con otro caso de 'punto optimo' de concentracion antes de volverse",explicit comparison (no exact value),,In vitro only,No,No
W29,Chitosan (combinado con alginato),Incorporacion de nanoesferas de polidopamina (PDA NPs) en la matriz de hidrogel de quitosano/alginato (Ch/Alg),bone,"Ejemplo de chitosan combinado con alginato y polidopamina, con doble funcion (regeneracion osea + liberacion de antibiotico) — relevante para Q2.",explicit comparison (no exact value),,In vivo,Yes,No
W31,Polycaprolactone (PCL),"Combinacion de PCL con un MOF a base de hierro decorado con plata/cloruro de plata (NH2-MIL-88B(Fe)), impreso por melt electrowriting con hasta 20% en peso de MOF",general/not specified,"Ejemplo muy avanzado de PCL combinado con un MOF multifuncional (antibacteriano + visible en MRI) — relevante para Q2 como estrategia de doble funcionalidad, similar en espiritu al scaffold radiopaco ",quantitative value reported,,In vitro only,No,No
W32,Polycaprolactone (PCL),"Fabricacion de arreglos de nanoagujas mediante cristalizacion autologa del propio PCL (controlando su peso molecular), con y sin recubrimiento de polidopamina (PDA)",general/not specified,"Hallazgo importante y contraintuitivo: mejorar adhesion celular (via PDA) en este caso PERJUDICO la multipotencia de las celulas madre, porque debilito la interaccion celula-celula. Muy relevante para",explicit comparison (no exact value),,In vitro only,No,No
W34,Chitosan (CS) + Hydroxyapatite (HA),"Incorporacion de acido borico (BA) en distintas concentraciones dentro de una matriz de nanofibras de PVA/quitosano/hidroxiapatita, usando electrospinning disenado para evitar reticulacion temprana",general/not specified,"Ejemplo de HA+Chitosan combinados con un tercer aditivo (acido borico) con doble funcion (estructural + antifungica), con un claro 'punto optimo' de concentracion (0.25%) — muy relevante para Q1/Q2.",quantitative value reported,,In vitro only,No,No
W36,Polycaprolactone (PCL) + Hydroxyapatite (nano-HA),"Disolucion por separado de gelatina y PCL en acido acetico para lograr dispersiones homogeneas, luego combinadas e hibridadas con nano-hidroxiapatita (n-HA) para crear una tinta de impresion compuesta",bone,"Ejemplo tecnico completo de PCL+HA en formulacion de tinta de bioimpresion optimizada paso a paso, confirmado tanto in vitro como in vivo — muy relevante para Q1/Q2.",quantitative value reported,,In vivo,Yes,No
W37,Polycaprolactone (PCL),"Fabricacion de microsurcos con patron ondulado de tres dimensiones geometricas distintas mediante litografia blanda y moldeo por fusion, imitando la arquitectura del osteon",bone,Ejemplo avanzado de PCL con diseno de microtopografia bioinspirada (no aditivo quimico) que logra doble efecto (promover formacion osea e inhibir su resorcion) — muy relevante para Q2 como estrategia ,explicit comparison (no exact value),,In vitro only,No,No
W40,Polycaprolactone (PCL),"Incorporacion de nanoesferas de oro (30 nm) recubiertas con una capa de polidopamina de 10 nm (GNSs@PDA), en tres concentraciones distintas (1.5, 3.0, 5.0 mg) dentro de nanofibras de PCL orientadas al azar",bone,Ejemplo excepcional de PCL con doble funcion contraria pero complementaria: matar celulas cancerosas y regenerar hueso sano al mismo tiempo — extremadamente relevante para Q2 con datos cuantitativos m,quantitative value reported,cancer/tumor,In vitro only,No,No
W43,Polycaprolactone (PCL),"Comparacion directa entre dos aditivos de la familia del grafeno: grafeno (G) convencional vs puntos cuanticos de grafeno (GQD), en distintas concentraciones dentro de PCL",bone,"Comparacion directa y sistematica entre dos formas del mismo material (grafeno vs sus puntos cuanticos) dentro de PCL — muy relevante para Q2, revelando que la version 'quantum dot' es ligeramente sup",quantitative value reported,,In vitro only,No,No
W46,Hydroxyapatite (HA),"Dopaje de HA con oxido de cobalto (CoO) y dioxido de manganeso (MnO2), combinado con curcumina de origen vegetal (turmeric)",bone,"Ejemplo de HA dopada con multiples metales y combinada con un compuesto natural (curcumina) para dar propiedad antibacteriana ausente en la HA pura — relevante para Q2, con cifra clara de eficacia ant",quantitative value reported,,In vitro only,No,No
W53,Polycaprolactone (PCL),"Incorporacion de polvo de aleacion Mg-1Ca en distintas proporciones (5%, 10%, 20% en peso) mediante mezclado en fundido, impresos por deposicion fundida (FDM)",bone,"Otro ejemplo de PCL con un 'punto optimo' claro de concentracion de aditivo metalico (5-10%) antes de perder efectividad — relevante para Q2, con mecanismo molecular identificado (via Wnt/beta-catenin",quantitative value reported,,In vivo,Yes,No
W56,Hydroxyapatite (HA en forma de whisker),"Modificacion superficial de whiskers de HA con particulas de nano-oxido de zinc (nano-ZnO), que actuan como agente reforzante/tenacificante y reducen el dano mecanico celular",bone,"Hallazgo importante: un material aparentemente 'bueno' (whisker de HA, buena resistencia mecanica) puede tener un efecto negativo oculto (dano mecanico celular) que otro aditivo (nano-ZnO) corrige — m",quantitative value reported,,In vivo,Yes,No
W58,"Hydroxyapatite (HA) combinada con nanofibras de carbono (CNF), no un polimero convencional",Refuerzo de nanofibras de carbono electrohiladas con nanoparticulas de HA y vidrio bioactivo (BGs) mediante un proceso hidrotermal,bone,"Ejemplo de HA combinada con un material de carbono avanzado (nanofibras de carbono, no un polimero convencional) — util como contexto ampliado para Q1/Q2 sobre las posibles matrices donde se puede inc",explicit comparison (no exact value),,In vitro only,No,No
W60,"Hydroxyapatite (HA, derivada de hueso de pescado, no sintetica)","Extraccion mediante tratamiento termico gradual en dos etapas (600-800C para generar FHA, 900-1200C para generar biofasico FBCP) a partir de hueso de tilapia",general/not specified,Ejemplo excelente de HA de origen natural y sostenible (residuo de pescado) con desempeño superior a la HA comercial en varios aspectos — muy relevante para Q1 como comparador directo de fuentes de HA,explicit comparison (no exact value),,In vitro only,No,No
W61,Polycaprolactone (PCL),"Incorporacion de willemita (Zn2SiO4) sintetizada por metodo sol-gel en dos tamanos distintos (nanoparticula vs microparticula) dentro de PCL, mediante impresion 3D por escritura directa de tinta (DIW)",bone,"Ejemplo muy claro de que el tamano de particula (nano vs micro) del mismo aditivo hace una diferencia significativa — muy relevante para Q2, con cifras cuantitativas detalladas y comparacion directa.",quantitative value reported,,In vitro only,No,No
W63,Chitosan (usado para formar ambos tipos de nanoparticulas),"Formacion de dos tipos de nanoparticulas de quitosano complejadas: una con ciprofloxacino (antibiotico) y otra con BMP-2 (factor de crecimiento), esta ultima con liberacion programable mediante capas de recubrimiento de quitosano",bone,"Excelente ejemplo de chitosan usado para dos tipos de nanoparticulas con liberacion secuencial programada en el tiempo (primero antibiotico, despues factor de crecimiento) — muy relevante para Q2, con",quantitative value reported,,In vitro only,No,No
W64,"Polycaprolactone (PCL), usado en combinacion con PLA y PEG (no como material unico)","Combinacion de PLA, PEG (600 o 2000 Da) y PCL en distintas proporciones, funcionalizados con particulas de fosfato tricalcico (TCP), fabricados por fundicion en gel combinada con calentamiento rapido",bone,"Ejemplo de PCL usado como modificador de propiedades (hidrofobicidad, degradacion) al combinarse con otros polimeros y TCP — relevante para Q2 mostrando el efecto opuesto y complementario del PEG en l",explicit comparison (no exact value),,In vitro only,No,No
W65,Polycaprolactone (PCL) + Chitosan,"Incorporacion de nanoparticulas de quitosano cargadas con plasma rico en fibrina homogeneizado (hPRF, un concentrado de factores de crecimiento derivado de sangre) dentro de nanofibras de PCL",bone,"Excelente ejemplo de PCL y chitosan combinados con un derivado sanguineo natural del paciente (hPRF) para promover angiogenesis — muy relevante para Q1/Q2, con datos cuantitativos completos y ensayo d",quantitative value reported,,CAM,No,Yes
W67,Polycaprolactone (PCL),Microfibras torcidas de gelatina/PCL/heparina formando un hilo (yarn); la heparina permite unir el factor de crecimiento bFGF; combinado con un tubo de criogel de gelatina/acido hialuronico para prevenir adhesion postoperatoria,tendon,"Ejemplo de PCL en forma de hilo jerarquico (no scaffold poroso plano) combinado con factor de crecimiento y cultivo dinamico — similar en concepto al paper de cultivo dinamico ya leido (P47), pero apl",explicit comparison (no exact value),,In vivo,Yes,No
W68,Polycaprolactone (PCL) + Chitosan,Recubrimiento con polidopamina (PDA) cargada con factor de crecimiento nervioso (NGF) sobre un scaffold compuesto de PCL/quitosano fabricado por liofilizacion,nerve/neural,"Excelente ejemplo de PCL+Chitosan con doble funcion (antioxidante + regenerador nervioso), con datos cuantitativos muy completos — muy relevante para Q1/Q2.",quantitative value reported,,In vitro only,No,No
W69,Polycaprolactone (PCL),"Conjugacion de un peptido mimetico de VEGF sobre la superficie de fibras de PCL usando quimica tiol-eno activada por luz, con distintas cantidades de un polimero funcional PCL-diacrilato (PCL-DA)",vascular,"Ejemplo tecnico avanzado de conjugacion quimica precisa (tiol-eno) de un peptido bioactivo sobre PCL, con confirmacion funcional completa (activacion de receptor + angiogenesis in vivo) — muy relevant",explicit comparison (no exact value),,CAM,No,Yes
W71,"Polycaprolactone (PCL), combinado con PHBV (poli-hidroxibutirato-co-hidroxivalerato)","Incorporacion de frustulas de diatomeas cargadas con melatonina dentro de fibras de la mezcla polimerica PHBV/PCL, mediante electrospinning humedo",bone,"Ejemplo muy singular de PCL combinado con un material biologico poco comun (frustulas de diatomea, esqueletos de silice de algas) como sistema de liberacion controlada — relevante para Q2 como estrate",explicit comparison (no exact value),,In vitro only,No,No
