Study_ID,Reports_variability_SD_SE,Reports_comparison_or_control,Reports_statistical_significance,Reports_numeric_value_with_units,Risk_Score_0to4
P02,True,True,False,True,3
P04,False,False,False,False,0
P05,False,True,False,False,1
P06,False,False,False,False,0
P07,False,False,False,False,0
P08,False,False,False,False,0
P10,False,True,False,False,1
P11,False,True,False,True,2
P12,True,True,True,True,4
P14,False,False,False,False,0
P15,False,True,True,True,3
P16,False,True,False,False,1
P17,False,True,True,False,2
P18,False,True,False,False,1
P21,True,True,False,True,3
P22,False,False,False,False,0
P26,False,False,False,False,0
P27,False,True,True,True,3
P28,False,False,False,True,1
P30,False,False,False,False,0
P33,True,True,False,False,2
P34,False,True,True,True,3
P35,False,False,True,True,2
P37,False,False,False,False,0
P39,False,False,False,True,1
P40,False,False,False,False,0
P44,False,True,True,True,3
P46,False,True,False,True,2
P47,False,True,False,False,1
P49,False,True,False,True,2
P51,False,False,True,True,2
P52,False,True,False,True,2
P53,False,True,False,True,2
P54,True,False,False,True,2
P55,False,False,False,True,1
P57,False,True,False,True,2
P60,False,False,False,True,1
P61,False,True,False,True,2
P62,False,True,False,True,2
P63,False,False,True,False,1
P65,False,False,False,False,0
P66,False,True,False,True,2
W03,True,False,False,True,2
W05,False,True,True,True,3
W07,False,False,False,False,0
W08,False,False,True,False,1
W09,False,True,False,True,2
W12,True,False,False,False,1
W14,False,False,False,False,0
W17,False,True,False,True,2
W18,False,False,True,False,1
W20,False,True,False,True,2
W21,False,True,False,False,1
W22,False,False,False,True,1
W25,True,True,True,False,3
W26,False,False,True,False,1
W28,False,False,False,False,0
W29,False,True,False,False,1
W31,False,False,False,True,1
W32,False,False,False,False,0
W34,False,False,False,True,1
W36,False,False,True,True,2
W37,False,True,False,False,1
W40,False,True,False,True,2
W43,False,True,True,True,3
W46,False,False,False,True,1
W53,False,False,True,True,2
W56,False,False,False,True,1
W58,False,False,False,False,0
W60,False,True,False,False,1
W61,False,True,False,True,2
W63,False,False,False,True,1
W64,False,False,False,False,0
W65,False,True,True,True,3
W67,False,True,True,False,2
W68,False,True,False,True,2
W69,False,False,True,True,2
W71,False,True,True,False,2
