Ref_in_manuscript,Extraction_Study_ID,Citation_short,Material_system,Concentration_variable,Levels_tested,Reported_optimum,Outcome_summary,Fit,Response_Category,Category_Notes
ref19,P28,"Tang et al., 2025 (Colloids Surf B)",ZnO nanoparticles in chitosan,ZnO content (wt%),Multiple contents tested (exact intermediate levels not itemized in extraction),3 wt% ZnO,Optimal biocompatibility and bioactivity in vitro and in vivo at 3 wt%,CONFIRMED,Non-monotonic (tentative),"Described as an intermediate optimum, but exact tested levels below/above 3 wt% are not itemized in the extraction; cannot fully rule out a boundary effect from this record alone."
ref28,P46,"Ucan et al., 2025 (Macromol Mater Eng)",Graphene in PCL (electrospun nanofiber + 3D-printed microfiber hybrid),Graphene loading (wt%),"1 wt% (nanofiber layer), 3 wt% (microfiber layer)",Hybrid multi-scale combination (1%/3%),+186% mechanical property and +23% cell proliferation vs. plain PCL,CONFIRMED,Composition/architecture comparison,"Compares a two-tier hybrid architecture (different wt% at different fiber scales) against plain PCL, not a single-variable concentration series with an interior peak."
ref30,P49,"Mirzavandi et al., 2024 (J Mater Sci Mater Med)",om-CMS (Ca-Mg silicate) in PCL/gelatin,om-CMS content (wt%),"0%, 5%, 10%",10%,Highest ALP activity and bioactivity; no negative effect on filament structure at 10%,CONFIRMED,Best result at studied boundary,"Optimum is at the highest concentration tested (10%); the series does not show a decline at the top end, so this is a boundary effect, not a strict interior (non-monotonic) optimum."
ref36,P57,"Cinici et al., 2025 (Progress in Biomaterials)",Hydroxyapatite in PLA,HA content (wt%),"10%, 20%, 30%, 40%",10-20%,Low-moderate HA improved cytocompatibility/adhesion; higher levels reduced tensile strength (likely particle agglomeration),CONFIRMED,Best result at studied boundary,"Optimum band (10-20%) sits at the low end of the tested range (10-40%); no level below 10% was tested in this series, so an interior peak below 20% cannot be distinguished from a boundary/monotonic-decline effect."
ref37,P60,"Salehi R. et al., 2025 (Carbon Trends)",Graphene quantum dots (GQD) in PCL/chitosan,GQD content (wt%),0.5 to 4 wt%,0.5-2 wt%,"Mechanical strength/modulus improved 0.5-1 wt%; electrical resistance dropped ~1883 to 133 Ohm; viability +4-7% at 0.5-2 wt%, but 4 wt% caused cytotoxicity",CONFIRMED,Non-monotonic (tentative),"Good performance across the whole low-to-moderate range (0.5-2 wt%) with a decline only at the top (4 wt%); 0.5 wt% is also the lowest level tested, so this reads more as 'plateau then decline' than a strict interior peak."
ref42,P66,"Huang S. et al., 2024 (Int J Nanomedicine)",nHA in GelMA/oxidized-alginate hydrogel (+BMP7),nHA content,Multiple amounts tested (exact intermediate levels not itemized in extraction),10% nHA (HGO formulation),Best overall performance among groups; BMP7-loaded formulation (BHGO) outperformed all controls,CONFIRMED,Non-monotonic (tentative),"Exact tested levels below/above 10% are not itemized in the extraction; also confounded with the separate BMP7-loading variable, so the nHA-only concentration effect cannot be fully isolated from this record."
ref43,W03,Zhu et al. (Int J Biol Macromol),Cellulose-nanocrystal-modified HA in PVA,Modified-HA content (wt%),Increasing content tested (non-monotonic peak reported),9 wt% (HC-K),"Porosity 56.1%, swelling 807.7%, strength 0.085+/-0.004 MPa, ALP 1.71+/-0.25 at 9 wt%",CONFIRMED,Non-monotonic (confirmed),"Extraction explicitly describes a non-monotonic peak at 9 wt%, with both lower and higher tested contents performing worse."
ref50,W17,Ghadirian et al. (Biomater Adv),Decellularized cartilage ECM in PHB-chitosan core-shell fiber,ECM content (wt%),"0%, 1%, 3%, 5%",1% (labelled 1E),"Highest mechanical strength and upregulated chondrogenic markers (Col II, Aggrecan, SOX9) at 1%",CONFIRMED,Non-monotonic (confirmed),"Cleanest confirmed case among the 14: a true 0% baseline is included in the series, with a peak at 1% and decline at 3-5%."
ref57,W28,"Jagitay et al., 2026 (Polymer Bulletin)",Olive-pit powder (OPP) + HAp in PVA,OPP:PVA:HAp ratio,"1PVA/0OPP/HAp, 1PVA/1OPP/HAp, 5PVA/2OPP/HAp, 2PVA/5OPP/HAp",Moderate OPP (1PVA/1OPP/HAp and 5PVA/2OPP/HAp),Excess OPP (2PVA/5OPP/HAp) impaired proliferation (attributed to phenolic-compound oxidative stress); the 0%-OPP formulation had the highest tensile strength,CONFIRMED,Trade-off between outcomes,"Different outcomes point to different 'optimal' formulations: tensile strength is best with no OPP (monotonic), while proliferation peaks at moderate OPP; this is a cross-outcome trade-off rather than a single non-monotonic response."
ref59,W31,Mansi et al. (Adv Funct Mater),Ag/AgCl-decorated Fe-MOF in PCL (melt electrowriting),MOF content (wt%),Up to 20 wt% (printable range tested),5 wt%,Sustained antibacterial efficacy while maintaining cytocompatibility and normal immune response,CONFIRMED,Non-monotonic (tentative),"5 wt% is reported as optimal within a range tested up to 20 wt%, implying a decline at higher content, but the extraction does not explicitly quantify performance at the untested lower end or at intermediate levels between 5 and 20 wt%."
ref61,W34,"Yavuz et al., 2026 (Materials)",Boric acid (BA) in PVA/chitosan/HA nanofibers,BA content (wt%),Series including 0.25% and 0.5%,0.25 wt%,Tensile strength 9.15 MPa at 0.25% (best mechanical/cytocompatibility balance); 0.5% was antifungal but reduced cell viability,CONFIRMED,Trade-off between outcomes,"0.25% and 0.5% each optimize a different outcome (cytocompatibility vs. antifungal activity); this is an outcome trade-off, not a single-outcome non-monotonic peak."
ref62,W36,Wang C.X. et al. (Collagen and Leather),nHA in PCL/gelatin bioink,nHA content (% w/w),Formulation optimization series,50% w/w (25% gelatin : 25% PCL : 50% nHA),Best printability/stability; improved mechanics; promoted bone regeneration in vivo,CONFIRMED,Composition/formulation comparison,"Three components (gelatin, PCL, nHA) were varied jointly as a formulation-optimization search, not a single-variable dose series for one additive."
ref65,W43,"Meng et al., 2024 (ACS Appl Nano Mater)",Graphene (G) vs. graphene quantum dots (GQD) in PCL,Additive content (wt%),Below 5 wt%; direct comparison at 3 wt%,~3 wt% GQD,"PCL/GQD at 3% showed better compressive strength than PCL/G at the same level, with equivalent biological performance",CONFIRMED,Composition comparison,"Primary comparison is between two different additives (graphene vs. its quantum-dot form) at matched loading, not a concentration series of one additive."
ref67,W53,Zhao et al. (J Magnesium Alloys),Mg-1Ca alloy powder in PCL,Mg-1Ca content (wt%),"5%, 10%, 20%",5-10%,"Enhanced mechanical strength, proliferation, adhesion and osteogenic differentiation vs. plain PCL at 5% and 10%; 20% not highlighted as effective",CONFIRMED,Non-monotonic (confirmed),"Moderate levels (5-10%) outperform the highest tested level (20%), consistent with a genuine interior optimum."
ref15,P21,"Zeng et al., 2026 (Carbohydrate Polymers)",Chitosan + silk fibroin + Sr-alginate microspheres,None identified,Single formulation tested (no dose series in extraction),Not applicable,Proliferation >120%; bone regeneration coverage 81.8%+/-1.48% at 8 weeks,FLAGGED - NOT A CONCENTRATION SERIES,Excluded,No additive-concentration series evident in the extraction data for this study.
ref34,P54,"Jones et al., 2025 (Micromachines)",3D-printed support frame + electrospun chitosan-PEO nanofiber membrane,None (frame/design study),Not applicable,Not applicable,Normalized cell response 116.5%+/-12.2% (extract assay); viability up to 78.2%+/-32.4% (direct contact),FLAGGED - LIKELY MISMATCH,Excluded,"Evaluates a 3D-printed mounting frame for handling fragile membranes, not a chemical additive concentration-response."
ref39,P62,"Kang et al., 2025 (Int J Bioprinting)",HA in dissolved-PCL (dPCL) bioink -- suspended 3D printing,None identified as a concentration series,"Comparison is PCL vs. dPCL vs. dPCL+HA (material type, not additive dose)",Not applicable,Up to 85% reduction in printing errors; ~50 MPa higher Young's modulus for dPCL/HA vs. dPCL alone,FLAGGED - LIKELY MISMATCH,Excluded,"Material-type comparison (PCL vs. dPCL vs. dPCL+HA), not a concentration series."
ref44,W05,Howard et al. (Nanomaterials),PCL and PCL/gelatin electrospun 3D sponges,"Fabrication parameters (solution %, humidity, conductivity) via Taguchi design of experiments","24% w/v solution, PCL:gelatin 80:20, humidity >=70%, 15 cm distance, 22 kV, 1500 uL/h",Taguchi DOE optimum (multi-parameter),Reproducible 3D sponges; viability greater than 2D meshes and TCP positive control,FLAGGED - DIFFERENT PARAMETER TYPE,Excluded,"Fabrication/process-parameter optimization (Taguchi DOE), not a chemical additive concentration series."
ref63,W37,Weng et al. (Dental Materials Journal),Wave-patterned microgroove geometry on PCL membrane,"Groove size (L1/L2/L3; geometric, not chemical)","3 groove sizes tested, depth fixed at 10 micrometers",L3 (largest grooves),Dual effect: promotes osteogenesis (MC3T3-E1) and inhibits osteoclastogenesis (RAW264.7) simultaneously; differential nuclear deformation and proliferation by group,FLAGGED - DIFFERENT PARAMETER TYPE,Excluded,"Geometric/structural parameter (groove size), not a chemical concentration series."
